,tweet,O
0,,
1,Fully,O
2,funded,O
3,PhD,O
4,in,O
5,Antarctic,B-B-Field
6,Holocene,B-B-Field
7,marine,B-I-Field
8,geology,B-I-Field
9,and,B-I-Field
10,palaeoecology,B-I-Field
11,https://t.co/C4OWhWMCCf,B-B-Link
12,,
13,Bachelors,O
14,",",O
15,Masters,O
16,",",O
17,PhD,O
18,Scholarships,O
19,in,O
20,Canada,B-B-Country
21,2021,O
22,|,O
23,Fully,O
24,Funded,O
25,https://t.co/faBWbR7EPs,B-B-Link
26,,
27,Fully,O
28,-,O
29,funded,O
30,MSc,O
31,/,O
32,PhD,O
33,position,O
34,at,O
35,the,B-B-Univ
36,University,B-I-Univ
37,of,B-I-Univ
38,Haifa,B-I-Univ
39,",",O
40,Israel,B-B-Country
41,Suitable,O
42,for,O
43,students,O
44,with,O
45,background,O
46,(,O
47,&,O
48,amp,O
49,;,O
50,interest,O
51,),O
52,in,O
53,Microbiology,B-B-Field
54,",",B-I-Field
55,Microbial,B-I-Field
56,Ecology,B-I-Field
57,",",B-I-Field
58,Environmental,B-I-Field
59,toxicology,B-I-Field
60,&,O
61,amp,O
62,;,O
63,related,O
64,fields,O
65,.,O
66,Please,O
67,apply,O
68,üëá,O
69,https://t.co/V5Evfer2pg,B-B-Link
70,,
71,We,O
72,have,O
73,3,O
74,fully,O
75,funded,O
76,#PhD,O
77,positions,O
78,for,O
79,a,O
80,person,O
81,interested,O
82,in,O
83,health,B-B-Field
84,research,B-I-Field
85,in,O
86,the,O
87,@hrbireland,B-B-Lab
88,@CARAnetwork1,B-B-Lab
89,project,O
90,.,O
91,Training,O
92,in,O
93,the,O
94,@sphereprogramme,B-B-Lab
95,.,O
96,Check,O
97,out,O
98,details,O
99,on,O
100,our,O
101,website,O
102,https://t.co/bljBJ8AldZ,B-B-Link
103,@drccostelloe,O
104,@mathieudaquin,O
105,@AjayOza_Actual,O
106,@ResearchatNUIG,O
107,https://t.co/B9wnS0i1RQ,B-B-Link
108,,
109,Fully,O
110,-,O
111,funded,O
112,Creative,O
113,Technology,O
114,PhD,O
115,Studentship,O
116,available,O
117,at,O
118,UWE,B-B-Univ
119,Bristol,B-I-Univ
120,in,B-I-Univ
121,the,B-I-Univ
122,UK,B-B-Country
123,:,O
124,Research,O
125,question,O
126,:,O
127,Can,B-B-Topic
128,generative,B-I-Topic
129,",",B-I-Topic
130,evolutionary,B-I-Topic
131,and,B-I-Topic
132,procedural,B-I-Topic
133,design,B-I-Topic
134,methods,B-I-Topic
135,be,B-I-Topic
136,used,B-I-Topic
137,to,B-I-Topic
138,rapidly,B-I-Topic
139,prototype,B-I-Topic
140,bespoke,B-I-Topic
141,and,B-I-Topic
142,expressive,B-I-Topic
143,Accessible,B-I-Topic
144,Digital,B-I-Topic
145,Musical,B-I-Topic
146,Instruments,B-I-Topic
147,?,B-I-Field
148,https://t.co/eZzfUv2gvz,B-B-Link
149,,
150,New,O
151,PhD,O
152,position,O
153,at,O
154,@EatingLab_SBG,B-B-Lab
155,-,O
156,if,O
157,you,O
158,like,O
159,EMA,O
160,",",O
161,know,O
162,some,O
163,R,O
164,and,O
165,are,O
166,interested,O
167,in,O
168,digital,B-B-Field
169,behavioral,B-I-Field
170,interventions,B-I-Field
171,",",O
172,you,O
173,really,O
174,should,O
175,apply,O
176,.,O
177,The,O
178,position,O
179,is,O
180,fully,O
181,funded,O
182,for,O
183,4,O
184,years,O
185,.,O
186,Details,O
187,:,O
188,https://t.co/EYxZ0sYY6C,B-B-Link
189,,
190,Apply,O
191,to,O
192,the,O
193,PhD,O
194,in,O
195,Economics,B-B-Field
196,and,B-I-Field
197,Finance,B-I-Field
198,in,O
199,Italy,B-B-Country
200,(,O
201,Fully,O
202,-,O
203,funded,O
204,),O
205,Four,O
206,students,O
207,will,O
208,be,O
209,awarded,O
210,a,O
211,four,O
212,-,O
213,year,O
214,#scholarship,O
215,paying,O
216,a,O
217,gross,O
218,income,O
219,of,O
220,‚Ç¨,O
221,"15.343,28",O
222,per,O
223,year,O
224,.,O
225,Read,O
226,more,O
227,and,O
228,apply,O
229,:,O
230,https://t.co/rcYg2xP6WA,B-B-Link
231,#highereducation,O
232,#studyabroad,O
233,#phd,O
234,,
235,Apply,O
236,to,O
237,the,O
238,PhD,O
239,in,O
240,Economics,B-B-Field
241,and,B-I-Field
242,Finance,B-I-Field
243,in,O
244,Italy,B-B-Country
245,(,O
246,Fully,O
247,-,O
248,funded,O
249,),O
250,Read,O
251,more,O
252,and,O
253,apply,O
254,:,O
255,https://t.co/rcYg2xP6WA,B-B-Link
256,#highereducation,O
257,#studyabroad,O
258,#phd,O
259,,
260,The,O
261,Dawes,O
262,Centre,O
263,for,O
264,Future,O
265,Crimes,O
266,@UCLCrimeScience,B-B-Lab
267,are,O
268,offering,O
269,a,O
270,fully,O
271,funded,O
272,PhD,O
273,in,O
274,,O
275,Developing,B-B-Topic
276,an,B-I-Topic
277,intervention,B-I-Topic
278,to,B-I-Topic
279,protect,B-I-Topic
280,older,B-I-Topic
281,people,B-I-Topic
282,from,B-I-Topic
283,cybercrime',B-I-Topic
284,with,O
285,@ClaudiaACooper1,O
286,@__kartikeya,O
287,.,O
288,Comes,O
289,with,O
290,an,O
291,annual,O
292,stipend,O
293,of,O
294,¬£,O
295,20,O
296,k,O
297,.,O
298,Apply,O
299,by,O
300,12,B-B-Deadline
301,July,B-I-Deadline
302,!,O
303,https://t.co/lOyhGTYbqs,B-B-Link
304,,
305,Fully,O
306,-,O
307,funded,O
308,PhD,O
309,Studentship,O
310,-,O
311,Heritage,O
312,Consortium,O
313,/,O
314,NECAH,O
315,at,O
316,Bradford,O
317,SCHOLARSHIP,O
318,IN,O
319,UK,B-B-Country
320,University,B-B-Univ
321,of,B-I-Univ
322,Bradford,B-I-Univ
323,The,B-B-Field
324,School,B-I-Field
325,of,B-I-Field
326,Archaeology,B-I-Field
327,and,B-I-Field
328,Forensic,B-I-Field
329,Sciences,B-I-Field
330,",",O
331,University,B-B-Univ
332,of,B-I-Univ
333,Bradford,B-I-Univ
334,invites,B-I-Univ
335,high,B-I-Univ
336,-,O
337,quality,O
338,proposals,O
339,from,O
340,applicants,O
341,for,O
342,a,O
343,PhD,O
344,studentship,O
345,https://t.co/ZHtNo9YbK0,B-B-Link
346,,
347,Truly,O
348,fantastic,O
349,opportunity,O
350,here,O
351,:,O
352,fully,O
353,funded,O
354,interdisciplinary,O
355,PhD,O
356,on,O
357,cybercrime,B-B-Topic
358,against,B-I-Topic
359,older,B-I-Topic
360,people,B-I-Topic
361,.,O
362,Such,O
363,an,O
364,important,O
365,topic,O
366,.,O
367,And,O
368,with,O
369,brilliant,O
370,",",O
371,thoughtful,O
372,and,O
373,supportive,O
374,supervisors,O
375,.,O
376,Deadline,O
377,12,B-B-Deadline
378,July,B-I-Deadline
379,.,O
380,,
381,Exciting,O
382,fully,O
383,funded,O
384,PhD,O
385,opportunity,O
386,in,O
387,our,O
388,lab,O
389,studying,O
390,the,B-B-Topic
391,effects,B-I-Topic
392,of,B-I-Topic
393,novel,B-I-Topic
394,inhibitors,B-I-Topic
395,of,B-I-Topic
396,the,B-I-Topic
397,mitotic,B-I-Topic
398,DNA,B-I-Topic
399,damage,B-I-Topic
400,checkpoint,B-I-Topic
401,on,B-I-Topic
402,NSCLC,B-I-Topic
403,.,O
404,Cool,O
405,new,O
406,collaboration,O
407,with,O
408,@carlsmythe,O
409,.,O
410,Please,O
411,RT,O
412,https://t.co/tFvVPJ3zyd,B-B-Link
413,,
414,Fully,O
415,funded,O
416,#phd,O
417,#studentship,O
418,projects,O
419,at,O
420,@uniofbrighton,B-B-Univ
421,starting,O
422,October,O
423,2021,O
424,.,O
425,Help,O
426,tackle,O
427,today,O
428,s,O
429,global,O
430,challenges,O
431,.,O
432,Deadline,O
433,7,B-B-Deadline
434,July,B-I-Deadline
435,.,O
436,See,O
437,our,O
438,website,O
439,for,O
440,details,O
441,!,O
442,https://t.co/5ZwcBrNOT4,B-B-Link
443,@UA_DTA,O
444,#SDGs,O
445,https://t.co/c4uIRRNohQ,O
446,,
447,Study,O
448,in,O
449,a,O
450,state,O
451,recognized,O
452,university,O
453,in,O
454,Germany,B-B-Country
455,with,O
456,a,O
457,fully,O
458,funded,O
459,Friedrich,O
460,Ebert,O
461,Stiftung,O
462,scholarship,O
463,.,O
464,https://t.co/3lW1IkTxqe,B-B-Link
465,Visit,O
466,our,O
467,website,O
468,https://t.co/5l1kzTp2jv,B-B-Link
469,for,O
470,more,O
471,fully,O
472,funded,O
473,master,O
474,s,O
475,and,O
476,PhD,O
477,scholarships,O
478,.,O
479,https://t.co/in4BQ0Rfaz,B-B-Link
480,,
481,Funding,O
482,alert,O
483,:,O
484,We,O
485,are,O
486,offering,O
487,a,O
488,fully,O
489,funded,O
490,PhD,O
491,on,O
492,cybercrime,B-B-Topic
493,against,B-I-Topic
494,older,B-I-Topic
495,people,B-I-Topic
496,at,O
497,The,O
498,Dawes,O
499,Centre,O
500,for,O
501,Future,O
502,Crimes,O
503,!,O
504,Supervised,O
505,by,O
506,Prof,O
507,Claudia,O
508,Cooper,O
509,and,O
510,me,O
511,.,O
512,Comes,O
513,with,O
514,an,O
515,annual,O
516,stipend,O
517,of,O
518,¬£,O
519,20,O
520,k,O
521,.,O
522,Apply,O
523,by,O
524,12,B-B-Deadline
525,July,B-I-Deadline
526,@UCLPsychiatry,O
527,@ClaudiaACooper1,O
528,https://t.co/1zjpv4YhRV,B-B-Link
529,,
530,RT,O
531,:,O
532,if,O
533,you,O
534,are,O
535,interested,O
536,in,O
537,a,O
538,fully,O
539,funded,O
540,PhD,O
541,position,O
542,at,O
543,AAU,O
544,",",O
545,CPH,O
546,",",O
547,send,O
548,in,O
549,your,O
550,inquire,O
551,to,O
552,Dr,O
553,.,O
554,Peter,O
555,Axel,O
556,Nielsen,O
557,&,O
558,lt,O
559,;,O
560,pan@cs.aau.dk,O
561,&,O
562,gt,O
563,;,O
564,.,O
565,https://t.co/mkdvMMUyeS,B-B-Link
566,Promising,O
567,candidates,O
568,in,O
569,related,O
570,disciplines,O
571,",",O
572,i,O
573,.,O
574,e,O
575,",",O
576,Information,B-B-Field
577,systems,B-I-Field
578,",",B-I-Field
579,Business,B-I-Field
580,",",B-I-Field
581,Economics,B-I-Field
582,",",B-I-Field
583,and,B-I-Field
584,Software,B-I-Field
585,Engineering,B-I-Field
586,.,O
587,,
588,Applications,O
589,invited,O
590,for,O
591,fully,O
592,funded,O
593,PhD,O
594,position,O
595,on,O
596,an,O
597,interdisciplinary,O
598,project,O
599,investigating,B-B-Topic
600,how,B-I-Topic
601,human,B-I-Topic
602,behavior,B-I-Topic
603,affects,B-I-Topic
604,animal,B-I-Topic
605,disease,B-I-Topic
606,spread,B-I-Topic
607,.,O
608,With,O
609,B,O
610,.,O
611,Tarroux,O
612,and,O
613,T,O
614,.,O
615,Porphyre,O
616,.,O
617,Submit,O
618,application,O
619,to,O
620,:,O
621,thibaud.porphyre@vetagro-sup.fr,O
622,@GATE_LSE,O
623,@LbbeLyon,O
624,https://t.co/aQHseKbYZC,B-B-Link
625,,
626,Fully,O
627,-,O
628,funded,O
629,PhD,O
630,position,O
631,at,O
632,the,O
633,University,B-B-Univ
634,of,B-I-Univ
635,Missouri,B-I-Univ
636,",",O
637,USA,B-B-Country
638,starting,O
639,September,O
640,2021,O
641,.,O
642,Project,O
643,related,O
644,to,O
645,:,O
646,Cyber,B-B-Topic
647,Security,B-I-Topic
648,Social,B-I-Topic
649,Virtual,B-I-Topic
650,Reality,B-I-Topic
651,Systems,B-I-Topic
652,Neural,B-I-Topic
653,Networks,B-I-Topic
654,or,B-I-Topic
655,Machine,B-I-Topic
656,Learning,B-I-Topic
657,Send,O
658,an,O
659,email,O
660,Ayesha,O
661,Siddique,O
662,(,O
663,ayesha.siddique@mail.missouri.edu,O
664,),O
665,with,O
666,your,O
667,resume,O
668,.,O
669,https://t.co/3KbC9xpPWd,B-B-Link
670,,
671,3,O
672,fully,O
673,-,O
674,funded,O
675,PhD,O
676,positions,O
677,on,O
678,6,B-B-Field
679,G,B-I-Field
680,Wireless,B-I-Field
681,Communications,B-I-Field
682,at,O
683,SEEMO,O
684,",",O
685,TU,B-B-Univ
686,Darmstadt,B-I-Univ
687,",",B-I-Univ
688,Germany,B-B-Country
689,.,O
690,Deadline,O
691,:,O
692,June,B-B-Deadline
693,30th,B-I-Deadline
694,",",B-I-Deadline
695,2021,B-I-Deadline
696,Apply,O
697,:,O
698,https://t.co/4b2O0BbGrZ.,B-B-Link
699,‚Ä¶,O
700,About,O
701,TU,O
702,Darmstadt,O
703,:,O
704,https://t.co/oFpJDAaKgg,B-B-Link
705,‚Ä¶,O
706,https://t.co/diWcdPe5ZO,B-B-Link
707,,
708,Fully,O
709,-,O
710,funded,O
711,PhD,O
712,position,O
713,at,O
714,the,O
715,University,B-B-Univ
716,of,B-I-Univ
717,Texas,B-I-Univ
718,at,B-I-Univ
719,Arlington,B-I-Univ
720,",",O
721,USA,B-B-Country
722,starting,O
723,Fall,O
724,2021,O
725,/,O
726,Spring,O
727,2022,O
728,.,O
729,MSc,O
730,in,O
731,Mechanical,B-B-Field
732,or,B-I-Field
733,Material,B-I-Field
734,Science,B-I-Field
735,Engineering,B-I-Field
736,is,O
737,required,O
738,.,O
739,If,O
740,interested,O
741,",",O
742,send,O
743,your,O
744,CV,O
745,to,O
746,Dr,O
747,.,O
748,Ameri,O
749,(,O
750,amir.ameri@uta.edu,O
751,),O
752,.,O
753,https://t.co/3TG0Vc6Zps,B-B-Link
754,‚Ä¶,O
755,https://t.co/gatNb0QPlN,B-B-Link
756,,
757,Fully,O
758,funded,O
759,PHD,O
760,@GeospatialCDT,O
761,@UniofNewcastle,B-B-Univ
762,looking,O
763,at,O
764,sea,O
765,-,O
766,levels,O
767,sponsored,O
768,by,O
769,@UKHO,O
770,Work,O
771,with,O
772,some,O
773,great,O
774,people,O
775,at,O
776,a,O
777,great,O
778,place,O
779,https://t.co/PQMzzwNxMK,B-B-Link
780,,
781,Fully,O
782,-,O
783,funded,O
784,PhD,O
785,position,O
786,available,O
787,at,O
788,the,O
789,School,B-B-Field
790,of,B-I-Field
791,Civil,B-I-Field
792,and,B-I-Field
793,Environmental,B-I-Field
794,Engineering,B-I-Field
795,at,O
796,the,O
797,University,B-B-Univ
798,of,B-I-Univ
799,New,B-I-Univ
800,South,B-I-Univ
801,Wales,B-I-Univ
802,(,B-I-Univ
803,UNSW,B-I-Univ
804,),B-I-Univ
805,",",B-I-Univ
806,Australia,B-I-Univ
807,.,O
808,If,O
809,interested,O
810,",",O
811,send,O
812,your,O
813,CV,O
814,and,O
815,transcripts,O
816,to,O
817,Dr,O
818,.,O
819,Alamdadri,O
820,(,O
821,m.makkialamdari@unsw.edu.au,O
822,),O
823,.,O
824,https://t.co/kMfOMsiZKW,B-B-Link
825,,
826,Fully,O
827,-,O
828,funded,O
829,PhD,O
830,positions,O
831,at,O
832,the,O
833,University,B-B-Univ
834,of,B-I-Univ
835,Nebraska,B-I-Univ
836,at,B-I-Univ
837,Omaha,B-I-Univ
838,",",B-I-Univ
839,USA,B-B-Country
840,starting,O
841,January,O
842,2022,O
843,.,O
844,If,O
845,interested,O
846,",",O
847,send,O
848,your,O
849,CV,O
850,",",O
851,undergraduate,O
852,and,O
853,graduate,O
854,(,O
855,if,O
856,applicable,O
857,),O
858,transcripts,O
859,",",O
860,and,O
861,TOEFL,O
862,/,O
863,IELTS,O
864,/,O
865,GRE,O
866,scores,O
867,to,O
868,Dr,O
869,.,O
870,Mastorakis,O
871,(,O
872,s.mastorakis@unomaha.edu,O
873,),O
874,.,O
875,https://t.co/IB6P0wgXCf,B-B-Link
876,‚Ä¶,O
877,https://t.co/9U8ILjqzqt,B-B-Link
878,,
879,Study,O
880,-,O
881,In,O
882,-,O
883,Russia,O
884,:,O
885,2021,O
886,Skoltech,O
887,Scholarships,O
888,For,O
889,International,O
890,Students,O
891,Host,O
892,Country,O
893,:,O
894,Russia,B-B-Country
895,Category,O
896,:,O
897,Masters,O
898,|,O
899,PhD,O
900,Eligible,O
901,Country,O
902,:,O
903,All,O
904,Countries,O
905,Reward,O
906,:,O
907,Fully,O
908,Funded,O
909,+,O
910,$,O
911,"6,720",O
912,-,O
913,‚Ç¶,O
914,"3,306,000",O
915,per,O
916,year,O
917,Deadline,O
918,:,O
919,August,B-B-Deadline
920,1,B-I-Deadline
921,",",B-I-Deadline
922,2021,B-I-Deadline
923,APPLY,O
924,üëá,O
925,https://t.co/EotiYisdwS,B-B-Link
926,,
927,üá©üá™,O
928,Our,O
929,#MSCA,O
930,#ITN,O
931,includes,O
932,two,O
933,fully,O
934,-,O
935,funded,O
936,#PhD,O
937,projects,O
938,at,O
939,University,B-B-Univ
940,Hospital,B-I-Univ
941,Essen,B-I-Univ
942,@UniklinikEssen,B-I-Univ
943,",",B-I-Univ
944,Germany,B-B-Country
945,",",O
946,working,O
947,with,O
948,Dagmar,O
949,Timmann,O
950,-,O
951,Braun,O
952,.,O
953,Apply,O
954,:,O
955,https://t.co/yyFvgGaTIe,B-B-Link
956,Project,O
957,info,O
958,in,O
959,thread,O
960,üëá,O
961,,
962,*,O
963,Kuwait,O
964,Government,O
965,Scholarships,O
966,2022,O
967,(,O
968,Fully,O
969,Funded,O
970,),O
971,*,O
972,Details,O
973,:,O
974,https://t.co/cagNEqeyFX,B-B-Link
975,*,O
976,Bachelors,O
977,",",O
978,Masters,O
979,",",O
980,and,O
981,PhD,O
982,Degree,O
983,*,O
984,Programs,O
985,in,O
986,Kuwait,B-B-Country
987,Universities,O
988,by,O
989,the,O
990,Ministry,O
991,of,O
992,foreign,O
993,Affairs,O
994,#Scholarship,O
995,#Scholarships,O
996,#scholarshipform,O
997,#Scholarships2021,O
998,#studyabroad,O
999,,
1000,‚è∞,O
1001,Less,B-B-Deadline
1002,than,B-I-Deadline
1003,a,B-I-Deadline
1004,month,B-I-Deadline
1005,to,O
1006,apply,O
1007,for,O
1008,a,O
1009,fully,O
1010,-,O
1011,funded,O
1012,PhD,O
1013,Studentship,O
1014,in,O
1015,#Youth,B-B-Field
1016,#MentalHealth,B-I-Field
1017,aiming,O
1018,to,O
1019,start,O
1020,in,O
1021,Autumn,O
1022,2021,O
1023,.,O
1024,Details,O
1025,here,O
1026,:,O
1027,https://t.co/ShPTKLhcIk,B-B-Link
1028,,
1029,Fully,O
1030,-,O
1031,funded,O
1032,PhD,O
1033,positions,O
1034,at,O
1035,the,O
1036,University,B-B-Univ
1037,of,B-I-Univ
1038,Nebraska,B-I-Univ
1039,at,B-I-Univ
1040,Omaha,B-I-Univ
1041,",",B-I-Univ
1042,USA,B-B-Country
1043,starting,O
1044,January,O
1045,2022,O
1046,.,O
1047,If,O
1048,interested,O
1049,",",O
1050,send,O
1051,your,O
1052,CV,O
1053,",",O
1054,undergraduate,O
1055,and,O
1056,graduate,O
1057,(,O
1058,if,O
1059,applicable,O
1060,),O
1061,transcripts,O
1062,",",O
1063,and,O
1064,TOEFL,O
1065,/,O
1066,IELTS,O
1067,/,O
1068,GRE,O
1069,scores,O
1070,to,O
1071,Dr,O
1072,.,O
1073,Mastorakis,O
1074,(,O
1075,s.mastorakis@unomaha.edu,O
1076,),O
1077,.,O
1078,https://t.co/NE0WE7Uy8B,B-B-Link
1079,https://t.co/OWhlKeSKrc,B-B-Link
1080,,
1081,Ok,O
1082,‚Ä¶,O
1083,we,O
1084,‚Äô,O
1085,ve,O
1086,just,O
1087,added,O
1088,two,O
1089,more,O
1090,#PhDposition,O
1091,:,O
1092,#MarDATA,O
1093,is,O
1094,no,O
1095,offering,O
1096,11,O
1097,(,O
1098,!,O
1099,!,O
1100,),O
1101,fully,O
1102,funded,O
1103,#PhD,O
1104,positions,O
1105,in,O
1106,#marinedatascience,B-B-Field
1107,#anoceanfullofdata,B-I-Field
1108,#DataScience,B-I-Field
1109,#sciencejobs,B-I-Field
1110,,
1111,University,B-B-Univ
1112,of,B-I-Univ
1113,#Sydney,B-I-Univ
1114,_,O
1115,Scholarships,O
1116,_,O
1117,2021,O
1118,Fully,O
1119,Funded,O
1120,|,O
1121,BS,O
1122,",",O
1123,MS,O
1124,&,O
1125,amp,O
1126,;,O
1127,PhD,O
1128,Apply,O
1129,:,O
1130,https://t.co/s3UzGIKhBF,B-B-Link
1131,,
1132,@Peytton,O
1133,@JosueGoAway,O
1134,@Iibrart,O
1135,the,O
1136,majority,O
1137,of,O
1138,APA,O
1139,accredited,O
1140,PHD,O
1141,and,O
1142,PsyD,O
1143,programs,O
1144,are,O
1145,fully,O
1146,funded,O
1147,!,O
1148,!,O
1149,!,O
1150,the,O
1151,best,O
1152,ones,O
1153,comes,O
1154,w,O
1155,full,O
1156,tuition,O
1157,remission,O
1158,(,O
1159,everything,O
1160,free,O
1161,besides,O
1162,books,O
1163,and,O
1164,fees,O
1165,),O
1166,",",O
1167,a,O
1168,stipend,O
1169,(,O
1170,sometimes,O
1171,$,O
1172,30,O
1173,k,O
1174,per,O
1175,year,O
1176,),O
1177,",",O
1178,and,O
1179,reduced,O
1180,health,O
1181,insurance,O
1182,.,O
1183,u,O
1184,normally,O
1185,have,O
1186,to,O
1187,be,O
1188,a,O
1189,TA,O
1190,but,O
1191,worth,O
1192,it,O
1193,,
1194,PhD,O
1195,Opportunity,O
1196,:,O
1197,Bio,B-B-Field
1198,-,B-I-Field
1199,based,B-I-Field
1200,Coalescing,B-I-Field
1201,Aids,B-I-Field
1202,for,B-I-Field
1203,Paints,B-I-Field
1204,and,B-I-Field
1205,Coatings,B-I-Field
1206,with,O
1207,@GreenChemYork,O
1208,&,O
1209,amp,O
1210,;,O
1211,@Synthomer_Group,O
1212,fully,O
1213,funded,O
1214,for,O
1215,3.5,O
1216,yrs,O
1217,(,O
1218,for,O
1219,students,O
1220,eligible,O
1221,for,O
1222,UK,B-B-Country
1223,home,O
1224,rates,O
1225,),O
1226,",",O
1227,apply,O
1228,now,O
1229,.,O
1230,https://t.co/1DeaPOYGX3,B-B-Link
1231,,
1232,*,O
1233,600,O
1234,Melbourne,O
1235,University,O
1236,Scholarships,O
1237,Australia,B-B-Country
1238,2021,O
1239,(,O
1240,Fully,O
1241,Funded,O
1242,),O
1243,*,O
1244,Details,O
1245,:,O
1246,https://t.co/y1M7uuhB8a,B-B-Link
1247,Masters,O
1248,",",O
1249,MPhil,O
1250,",",O
1251,PhD,O
1252,Degree,O
1253,Programs,O
1254,in,O
1255,Melbourne,B-B-Univ
1256,University,B-I-Univ
1257,.,O
1258,The,O
1259,Scholarship,O
1260,Will,O
1261,Cover,O
1262,Full,O
1263,Tuition,O
1264,Fee,O
1265,",",O
1266,Monthly,O
1267,Stipend,O
1268,",",O
1269,Airfare,O
1270,Tickets,O
1271,",",O
1272,Accommodation,O
1273,",",O
1274,Health,O
1275,Insurance,O
1276,",",O
1277,https://t.co/6TYHdnTfl9,B-B-Link
1278,,
1279,Fully,O
1280,-,O
1281,funded,O
1282,#PhD,O
1283,positions,O
1284,in,O
1285,various,B-B-Field
1286,#research,B-I-Field
1287,fields,O
1288,available,O
1289,at,O
1290,@MDC_Berlin,B-B-Lab
1291,in,O
1292,#Germany,B-B-Country
1293,üî•,O
1294,üá©üá™,O
1295,,
1296,Fully,O
1297,-,O
1298,funded,O
1299,PhD,O
1300,position,O
1301,available,O
1302,at,O
1303,the,O
1304,School,B-B-Field
1305,of,B-I-Field
1306,Civil,B-I-Field
1307,and,B-I-Field
1308,Environmental,B-I-Field
1309,Engineering,B-I-Field
1310,at,O
1311,the,O
1312,University,B-B-Univ
1313,of,B-I-Univ
1314,New,B-I-Univ
1315,South,B-I-Univ
1316,Wales,B-I-Univ
1317,(,B-I-Univ
1318,UNSW,B-I-Univ
1319,),B-I-Univ
1320,",",O
1321,Australia,B-B-Country
1322,.,O
1323,If,O
1324,interested,O
1325,",",O
1326,send,O
1327,your,O
1328,CV,O
1329,and,O
1330,transcripts,O
1331,to,O
1332,Dr,O
1333,.,O
1334,Alamdadri,O
1335,(,O
1336,m.makkialamdari@unsw.edu.au,O
1337,),O
1338,.,O
1339,https://t.co/4IxP1KCI1e,B-B-Link
1340,,
1341,Two,O
1342,PhD,O
1343,grants,O
1344,fully,O
1345,funded,O
1346,by,O
1347,the,O
1348,Department,O
1349,of,O
1350,Excellence,O
1351,program,O
1352,of,O
1353,the,O
1354,Italian,O
1355,Ministry,O
1356,of,O
1357,University,O
1358,and,O
1359,Research,O
1360,are,O
1361,available,O
1362,at,O
1363,the,O
1364,Department,B-B-Field
1365,of,B-I-Field
1366,Civil,B-I-Field
1367,Environmental,B-I-Field
1368,and,B-I-Field
1369,Mechanical,B-I-Field
1370,Engineering,B-I-Field
1371,of,O
1372,the,O
1373,University,B-B-Univ
1374,of,B-I-Univ
1375,Trento,B-I-Univ
1376,.,O
1377,T,O
1378,‚Ä¶,O
1379,https://t.co/1rgEiLKuGG,B-B-Link
1380,https://t.co/7ppuaHMWdW,B-B-Link
1381,,
1382,Fully,O
1383,funded,O
1384,Opportunity,O
1385,:,O
1386,D,O
1387,.,O
1388,Ross,O
1389,Robertson,O
1390,Fellowships,O
1391,for,O
1392,field,O
1393,research,B-B-Field
1394,on,B-I-Field
1395,neotropical,B-I-Field
1396,shore,B-I-Field
1397,-,B-I-Field
1398,fishes,B-I-Field
1399,.,O
1400,This,O
1401,predoctoral,O
1402,fellowship,O
1403,supports,O
1404,PhD,O
1405,students,O
1406,during,O
1407,pilot,O
1408,/,O
1409,exploratory,O
1410,projects,O
1411,",",O
1412,data,O
1413,collection,O
1414,and,O
1415,thesis,O
1416,/,O
1417,dissertation,O
1418,research,O
1419,.,O
1420,Submissions,O
1421,due,O
1422,Sept,B-B-Deadline
1423,15,B-I-Deadline
1424,.,O
1425,Apply,O
1426,üëá,O
1427,https://t.co/1A7HmxelOu,B-B-Link
1428,,
1429,Fully,O
1430,funded,O
1431,PhD,O
1432,position,O
1433,on,O
1434,Sustainable,B-B-Field
1435,Agriculture,B-I-Field
1436,&,O
1437,amp,O
1438,;,O
1439,Food,B-B-Field
1440,science,B-I-Field
1441,related,O
1442,fields,O
1443,at,O
1444,The,B-B-Univ
1445,University,B-I-Univ
1446,College,B-I-Univ
1447,Dublin,B-I-Univ
1448,(,O
1449,UCD,B-I-Univ
1450,),B-I-Univ
1451,",",B-I-Univ
1452,Ireland,B-I-Univ
1453,üáÆüá™,O
1454,Apply,O
1455,üëá,O
1456,https://t.co/VqqBfZ0XDT,B-B-Link
1457,Email,O
1458,:,O
1459,Paula.Bourke@dit.ie,O
1460,https://t.co/VSLkLe0M63,B-B-Link
1461,https://t.co/qMJgiiBLCH,B-B-Link
1462,https://t.co/JJGfBu5Zfp,B-B-Link
1463,https://t.co/9OppbZskbB,B-B-Link
1464,,
1465,Fully,O
1466,-,O
1467,funded,O
1468,PhD,O
1469,Studentship,O
1470,-,O
1471,Heritage,O
1472,Consortium,O
1473,/,O
1474,NECAH,O
1475,at,O
1476,Bradford,O
1477,in,O
1478,UK,O
1479,The,O
1480,School,O
1481,of,O
1482,Archaeology,B-B-Field
1483,and,B-I-Field
1484,Forensic,B-I-Field
1485,Sciences,B-I-Field
1486,",",O
1487,University,B-B-Univ
1488,of,B-I-Univ
1489,Bradford,B-I-Univ
1490,invites,O
1491,high,O
1492,-,O
1493,quality,O
1494,proposals,O
1495,from,O
1496,applicants,O
1497,for,O
1498,a,O
1499,PhD,O
1500,studentship,O
1501,2022,O
1502,",",O
1503,APPLY,O
1504,HERE,O
1505,https://t.co/cDX1PPIsQk,B-B-Link
1506,,
1507,There,O
1508,‚Äô,O
1509,s,O
1510,a,O
1511,great,O
1512,opportunity,O
1513,to,O
1514,undertake,O
1515,a,O
1516,fully,O
1517,funded,O
1518,PhD,O
1519,(,O
1520,ideally,O
1521,qualitative,O
1522,),O
1523,in,O
1524,children,B-B-Field
1525,‚Äô,B-I-Field
1526,s,B-I-Field
1527,pain,B-I-Field
1528,@EHU_FHSCM,O
1529,with,O
1530,me,O
1531,and,O
1532,colleagues,O
1533,https://t.co/taB7id3vnr,B-B-Link
1534,@WeCYPnurses,O
1535,@LineCaes,O
1536,@drabbiejordan,O
1537,@paintoolkit2,O
1538,@EFIC_org,O
1539,@BPSPainEthics,O
1540,@pain,O
1541,,
1542,Fully,O
1543,-,O
1544,funded,O
1545,PhD,O
1546,position,O
1547,at,O
1548,UBC,B-B-Univ
1549,",",B-I-Univ
1550,Canada,B-B-Country
1551,Suitable,O
1552,for,O
1553,students,O
1554,with,O
1555,background,O
1556,(,O
1557,&,O
1558,amp,O
1559,;,O
1560,interest,O
1561,),O
1562,in,O
1563,Ecology,B-B-Field
1564,",",B-I-Field
1565,Quantitative,B-I-Field
1566,/,B-I-Field
1567,Statistical,B-I-Field
1568,Ecology,B-I-Field
1569,",",B-I-Field
1570,GIS,B-I-Field
1571,&,O
1572,amp,O
1573,;,O
1574,related,O
1575,fields,O
1576,.,O
1577,Review,O
1578,of,O
1579,applications,O
1580,will,O
1581,start,O
1582,on,O
1583,31,O
1584,August,O
1585,2021,O
1586,Please,O
1587,apply,O
1588,üëá,O
1589,https://t.co/lmQuaOBla5,B-B-Link
1590,,
1591,Fully,O
1592,funded,O
1593,PhD,O
1594,opportunity,O
1595,on,O
1596,the,O
1597,Spatiotemporal,B-B-Topic
1598,dynamics,B-I-Topic
1599,of,B-I-Topic
1600,wolves,B-I-Topic
1601,in,B-I-Topic
1602,the,B-I-Topic
1603,Alps,B-I-Topic
1604,with,O
1605,me,O
1606,",",O
1607,@MattGeary,O
1608,and,O
1609,Francesca,O
1610,Marucco,O
1611,.,O
1612,Co,O
1613,-,O
1614,financed,O
1615,by,O
1616,https://t.co/BXfV3gsmdr,B-B-Link
1617,and,O
1618,@uochester,B-B-Univ
1619,(,O
1620,Sustainable,O
1621,Futures,O
1622,Studentships,O
1623,),O
1624,.,O
1625,Apply,O
1626,here,O
1627,:,O
1628,https://t.co/Ws6EseCHe1,B-B-Link
1629,Deadline,O
1630,2nd,B-B-Deadline
1631,July,B-I-Deadline
1632,2021,B-I-Deadline
1633,!,O
1634,https://t.co/xnQkqzNmHq,B-B-Link
1635,,
1636,2,O
1637,Two,O
1638,Offers,O
1639,of,O
1640,a,O
1641,3,O
1642,years,O
1643,fully,O
1644,funded,O
1645,PhD,O
1646,on,O
1647,Plant,B-B-Field
1648,Sciences,B-I-Field
1649,at,O
1650,INRAe,O
1651,",",O
1652,France,O
1653,https://t.co/W95J2RpwGk,B-B-Link
1654,,
1655,Highly,O
1656,Paid,O
1657,PhD,O
1658,Scholarship,O
1659,-,O
1660,Bond,B-B-Univ
1661,University,B-I-Univ
1662,Australia,B-B-Country
1663,2021,O
1664,[,O
1665,Fully,O
1666,Funded,O
1667,],O
1668,Details,O
1669,:,O
1670,https://t.co/vIQ4rrTyoG,B-B-Link
1671,Living,O
1672,allowance,O
1673,of,O
1674,$,O
1675,"27,596",O
1676,per,O
1677,annum,O
1678,https://t.co/OEE7RtxgH1,B-B-Link
1679,,
1680,*,O
1681,Brunei,B-B-Country
1682,Darussalam,B-I-Country
1683,Scholarship,O
1684,2022,O
1685,(,O
1686,Fully,O
1687,Funded,O
1688,),O
1689,*,O
1690,Details,O
1691,:,O
1692,https://t.co/2PpHYXeLKe,B-B-Link
1693,*,O
1694,Masters,O
1695,",",O
1696,and,O
1697,PhD,O
1698,Degree,O
1699,Scholarship,O
1700,*,O
1701,at,O
1702,the,O
1703,University,B-B-Univ
1704,of,B-I-Univ
1705,Brunei,B-I-Univ
1706,for,O
1707,January,O
1708,2022,O
1709,Intake,O
1710,*,O
1711,#UBDScholarship,O
1712,#BruneiScholarship,O
1713,#Scholarship,O
1714,#Scholarships2021,O
1715,#studyabroad,O
1716,,
1717,PhD,O
1718,position,O
1719,fully,O
1720,funded,O
1721,in,O
1722,Plant,B-B-Field
1723,RNA,B-I-Field
1724,Biotechnology,B-I-Field
1725,",",O
1726,University,B-B-Univ
1727,of,B-I-Univ
1728,Copenhagen,B-I-Univ
1729,‚Äì,O
1730,Agristok,O
1731,https://t.co/dQaAaq8Ot8,B-B-Link
1732,,
1733,Last,O
1734,few,O
1735,days,O
1736,to,O
1737,apply,O
1738,for,O
1739,this,O
1740,FULLY,O
1741,FUNDED,O
1742,PhD,O
1743,studentship,O
1744,.,O
1745,@UniWestScotland,B-B-Univ
1746,@uwshls,O
1747,,
1748,The,O
1749,#deadline,O
1750,is,O
1751,only,O
1752,3,B-B-Deadline
1753,weeks,B-I-Deadline
1754,away,B-I-Deadline
1755,now,O
1756,",",O
1757,apply,O
1758,if,O
1759,you,O
1760,‚Äô,O
1761,re,O
1762,#fascinated,O
1763,to,O
1764,join,O
1765,a,O
1766,fully,O
1767,#funded,O
1768,#structured,O
1769,#PhD,O
1770,in,O
1771,#plant,B-B-Field
1772,#science,B-I-Field
1773,to,O
1774,work,O
1775,on,O
1776,#genetic,B-B-Field
1777,#diversity,B-I-Field
1778,and,B-I-Field
1779,#plantpathology,B-I-Field
1780,in,B-I-Field
1781,#multicultural,B-I-Field
1782,#environment,B-I-Field
1783,@teagascforestry,O
1784,@tcddublin,O
1785,#PhDResearcher,O
1786,,
1787,5,O
1788,Years,O
1789,Fully,O
1790,Funded,O
1791,PhD,O
1792,Position,O
1793,in,O
1794,Molecular,B-B-Field
1795,Plant,B-I-Field
1796,Sciences,B-I-Field
1797,at,O
1798,University,B-B-Univ
1799,of,B-I-Univ
1800,Lausanne,B-I-Univ
1801,",",O
1802,Switzerland,B-B-Country
1803,https://t.co/GnAYLTrqH2,B-B-Link
1804,,
1805,Fully,O
1806,funded,O
1807,PhD,O
1808,Position,O
1809,in,O
1810,Plant,B-B-Field
1811,-,B-I-Field
1812,microbiome,B-I-Field
1813,Interaction,B-I-Field
1814,at,O
1815,University,B-B-Univ
1816,of,B-I-Univ
1817,Amsterdam,B-I-Univ
1818,‚Äì,O
1819,Agristok,O
1820,https://t.co/YYZrisH6LU,B-B-Link
1821,,
1822,Get,O
1823,Ready,O
1824,for,O
1825,the,O
1826,2756,O
1827,Erasmus,O
1828,Mundus,O
1829,Scholarship,O
1830,2022,O
1831,|,O
1832,Fully,O
1833,Funded,O
1834,Sponsored,O
1835,by,O
1836,:,O
1837,European,O
1838,Union,O
1839,Countries,O
1840,:,O
1841,Europe,O
1842,Funding,O
1843,:,O
1844,Fully,O
1845,Funded,O
1846,Course,O
1847,Level,O
1848,:,O
1849,Masters,O
1850,",",O
1851,PhD,O
1852,Dates,O
1853,:,O
1854,Applications,O
1855,for,O
1856,2022,O
1857,will,O
1858,open,O
1859,in,O
1860,September,O
1861,https://t.co/ykipYhWqUS,B-B-Link
1862,https://t.co/1xdVahCglw,B-B-Link
1863,,
1864,Fully,O
1865,-,O
1866,funded,O
1867,PhD,O
1868,position,O
1869,at,O
1870,the,O
1871,University,B-B-Univ
1872,of,B-I-Univ
1873,Texas,B-I-Univ
1874,at,B-I-Univ
1875,Arlington,B-I-Univ
1876,",",O
1877,USA,B-B-Country
1878,starting,O
1879,Fall,O
1880,2021,O
1881,/,O
1882,Spring,O
1883,2022,O
1884,.,O
1885,MSc,O
1886,in,O
1887,Mechanical,B-B-Field
1888,or,B-I-Field
1889,Material,B-I-Field
1890,Science,B-I-Field
1891,Engineering,B-I-Field
1892,is,O
1893,required,O
1894,.,O
1895,If,O
1896,interested,O
1897,",",O
1898,send,O
1899,your,O
1900,CV,O
1901,to,O
1902,Dr,O
1903,.,O
1904,Ameri,O
1905,(,O
1906,amir.ameri@uta.edu,O
1907,),O
1908,.,O
1909,https://t.co/ZHzn9k8MUE,B-B-Link
1910,https://t.co/RVSX6QvnN4,B-B-Link
1911,https://t.co/3nJKu07376,B-B-Link
1912,,
1913,PhD,O
1914,position,O
1915,fully,O
1916,funded,O
1917,in,O
1918,Plant,B-B-Field
1919,RNA,B-I-Field
1920,Biotechnology,B-I-Field
1921,",",O
1922,University,B-B-Univ
1923,of,B-I-Univ
1924,Copenhagen,B-I-Univ
1925,#BioTech,O
1926,#biotechnology,B-B-Field
1927,via,O
1928,https://t.co/hmIoXfIspy,B-B-Link
1929,https://t.co/8fVD838T2i,B-B-Link
1930,,
1931,‚¨áÔ∏è,O
1932,Pls,O
1933,RT,O
1934,üßê,O
1935,Clinical,O
1936,academic,O
1937,fellowships,O
1938,open,O
1939,and,O
1940,now,O
1941,to,O
1942,AHPs,O
1943,too,O
1944,!,O
1945,Great,O
1946,opp,O
1947,to,O
1948,have,O
1949,fully,O
1950,funded,O
1951,support,O
1952,for,O
1953,a,O
1954,PHD,O
1955,.,O
1956,.,O
1957,üîç,O
1958,if,O
1959,you,O
1960,think,O
1961,this,O
1962,is,O
1963,you,O
1964,think,O
1965,about,O
1966,contacting,O
1967,your,O
1968,local,O
1969,HEI,O
1970,for,O
1971,support,O
1972,.,O
1973,@CSPScot,O
1974,@ScotBoardCSP,O
1975,,
1976,#PhD,O
1977,scholarship,O
1978,@CanterburyCCUni,B-B-Univ
1979,in,O
1980,#education,B-B-Field
1981,?,O
1982,Deadline,O
1983,extended,O
1984,to,O
1985,30/6,B-B-Deadline
1986,/,B-I-Deadline
1987,21,B-I-Deadline
1988,.,O
1989,Please,O
1990,get,O
1991,in,O
1992,touch,O
1993,if,O
1994,you,O
1995,'d,O
1996,like,O
1997,to,O
1998,talk,O
1999,about,O
2000,this,O
2001,.,O
2002,Fully,O
2003,funded,O
2004,doctorate,O
2005,",",O
2006,or,O
2007,part,O
2008,-,O
2009,time,O
2010,fee,O
2011,waiver,O
2012,available,O
2013,.,O
2014,,
2015,Fully,O
2016,funded,O
2017,PhD,O
2018,Position,O
2019,in,O
2020,Plant,B-B-Field
2021,-,B-I-Field
2022,microbiome,B-I-Field
2023,Interaction,B-I-Field
2024,at,O
2025,University,B-B-Univ
2026,of,B-I-Univ
2027,Amsterdam,B-I-Univ
2028,https://t.co/mMUUolDOub,B-B-Link
2029,,
2030,üéì,O
2031,JOB,O
2032,!,O
2033,!,O
2034,We,O
2035,have,O
2036,a,O
2037,fully,O
2038,-,O
2039,funded,O
2040,PhD,O
2041,position,O
2042,@IFZO_Greifswald,O
2043,in,O
2044,Security,B-B-Topic
2045,Studies,B-I-Topic
2046,with,B-I-Topic
2047,a,B-I-Topic
2048,particular,B-I-Topic
2049,focus,B-I-Topic
2050,on,B-I-Topic
2051,the,B-I-Topic
2052,Baltic,B-I-Topic
2053,Sea,B-I-Topic
2054,region,B-I-Topic
2055,.,O
2056,Details,O
2057,below,O
2058,:,O
2059,https://t.co/s7RPrc0XfM,B-B-Link
2060,,
2061,A,O
2062,fully,O
2063,funded,O
2064,PhD,O
2065,on,O
2066,reducing,B-B-Topic
2067,energy,B-I-Topic
2068,and,B-I-Topic
2069,CO,B-I-Topic
2070,2,B-I-Topic
2071,emissions,B-I-Topic
2072,from,B-I-Topic
2073,glass,B-I-Topic
2074,manufacture,B-I-Topic
2075,with,O
2076,Professor,O
2077,Paul,O
2078,Bingham,O
2079,@sheffhallamuni,O
2080,https://t.co/FSJOiJD6hb,B-B-Link
2081,,
2082,Great,O
2083,opportunity,O
2084,for,O
2085,a,O
2086,teacher,O
2087,to,O
2088,undertake,O
2089,a,O
2090,fully,O
2091,funded,O
2092,PhD,O
2093,@DCU_IoE,B-B-Univ
2094,for,O
2095,more,O
2096,information,O
2097,or,O
2098,if,O
2099,you,O
2100,think,O
2101,you,O
2102,may,O
2103,be,O
2104,interested,O
2105,just,O
2106,private,O
2107,message,O
2108,and,O
2109,I,O
2110,d,O
2111,be,O
2112,happy,O
2113,to,O
2114,help,O
2115,,
2116,Fully,O
2117,-,O
2118,funded,O
2119,PhD,O
2120,Studentship,O
2121,at,O
2122,UWE,B-B-Univ
2123,to,O
2124,Co,O
2125,-,O
2126,Design,B-B-Field
2127,Accessible,B-I-Field
2128,Digital,B-I-Field
2129,Musical,B-I-Field
2130,Instruments,B-I-Field
2131,with,O
2132,@mimu_gloves,O
2133,and,O
2134,@DrakeMusic,O
2135,Application,O
2136,deadline,O
2137,:,O
2138,1st,B-B-Deadline
2139,July,B-I-Deadline
2140,2021,B-I-Deadline
2141,more,O
2142,info,O
2143,here,O
2144,:,O
2145,https://t.co/axogKna1ZY,B-B-Link
2146,@UWE_CSCT,O
2147,@UWECTLab,B-B-Lab
2148,@UWE_Business,O
2149,,
2150,üá¨üáß,O
2151,Our,O
2152,#MSCA,O
2153,#ITN,O
2154,includes,O
2155,two,O
2156,fully,O
2157,-,O
2158,funded,O
2159,#PhD,O
2160,projects,O
2161,at,O
2162,University,B-B-Univ
2163,of,B-I-Univ
2164,Bristol,B-I-Univ
2165,",",O
2166,UK,B-B-Country
2167,",",O
2168,working,O
2169,with,O
2170,Richard,O
2171,Apps,O
2172,.,O
2173,Apply,O
2174,:,O
2175,https://t.co/yyFvgGaTIe,B-B-Link
2176,Project,O
2177,info,O
2178,in,O
2179,thread,O
2180,üëá,O
2181,,
2182,Fully,O
2183,-,O
2184,funded,O
2185,PhD,O
2186,position,O
2187,at,O
2188,the,O
2189,Dept,O
2190,.,O
2191,of,O
2192,Civil,O
2193,Engineering,O
2194,-,O
2195,University,B-B-Univ
2196,of,B-I-Univ
2197,Manitoba,B-I-Univ
2198,",",O
2199,Canada,B-B-Country
2200,starting,O
2201,Winter,O
2202,2022,O
2203,for,O
2204,students,O
2205,with,O
2206,background,O
2207,in,O
2208,Comp,B-B-Field
2209,.,B-I-Field
2210,Science,B-I-Field
2211,and,B-I-Field
2212,Electrical,B-I-Field
2213,Engineering,B-I-Field
2214,.,O
2215,Please,O
2216,send,O
2217,your,O
2218,CV,O
2219,and,O
2220,cover,O
2221,letter,O
2222,to,O
2223,Dr,O
2224,.,O
2225,Mehran,O
2226,(,O
2227,babak.mehran@umanitoba.ca,O
2228,),O
2229,.,O
2230,https://t.co/atMFMVGzO7,B-B-Link
2231,,
2232,Fully,O
2233,-,O
2234,funded,O
2235,PhD,O
2236,Studentships,O
2237,in,O
2238,the,O
2239,Faculty,B-B-Field
2240,of,B-I-Field
2241,Business,B-I-Field
2242,and,B-I-Field
2243,Law,B-I-Field
2244,at,O
2245,The,B-B-Univ
2246,Open,B-I-Univ
2247,University,B-I-Univ
2248,UK,B-B-Country
2249,üá¨üáß,O
2250,Covers,O
2251,:,O
2252,*,O
2253,Full,O
2254,tuition,O
2255,for,O
2256,both,O
2257,domestic,O
2258,&,O
2259,amp,O
2260,;,O
2261,international,O
2262,students,O
2263,*,O
2264,Annual,O
2265,stipend,O
2266,:,O
2267,¬£,O
2268,"15,544",O
2269,(,O
2270,circa,O
2271,),O
2272,Deadline,O
2273,:,O
2274,13th,B-B-Deadline
2275,July,B-I-Deadline
2276,2021,B-I-Deadline
2277,https://t.co/X4LhEr9xRI,B-B-Link
2278,https://t.co/2qoQjCcY4S,B-B-Link
2279,,
2280,Interested,O
2281,in,O
2282,a,O
2283,fully,O
2284,funded,O
2285,#PhD,O
2286,as,O
2287,part,O
2288,of,O
2289,the,O
2290,EPSRC,O
2291,CDT,O
2292,in,O
2293,Molecules,B-B-Field
2294,to,B-I-Field
2295,Product,B-I-Field
2296,?,O
2297,Last,O
2298,few,O
2299,days,O
2300,to,O
2301,apply,O
2302,-,O
2303,submit,O
2304,applications,O
2305,by,O
2306,Monday,B-B-Deadline
2307,28th,B-I-Deadline
2308,June,B-I-Deadline
2309,!,O
2310,https://t.co/U8aQnqRJBM,B-B-Link
2311,,
2312,Fully,O
2313,funded,O
2314,PhD,O
2315,studentship,O
2316,(,O
2317,UK,O
2318,stipend,O
2319,+,O
2320,fees,O
2321,),O
2322,for,O
2323,mathematical,B-B-Field
2324,modelling,B-I-Field
2325,of,B-I-Field
2326,soil,B-I-Field
2327,and,B-I-Field
2328,porous,B-I-Field
2329,media,B-I-Field
2330,;,O
2331,please,O
2332,share,O
2333,and,O
2334,apply,O
2335,to,O
2336,come,O
2337,and,O
2338,join,O
2339,our,O
2340,team,O
2341,#phd,O
2342,#phdfunding,O
2343,https://t.co/rmvo6j01Xf,B-B-Link
2344,https://t.co/dX858WRtWQ,B-B-Link
2345,,
2346,18,O
2347,fully,O
2348,funded,O
2349,PhD,O
2350,position,O
2351,at,O
2352,@humantechnopole,B-B-Lab
2353,-,O
2354,including,O
2355,two,O
2356,in,O
2357,our,O
2358,research,O
2359,centre,O
2360,focusing,O
2361,on,O
2362,complex,B-B-Field
2363,traits,B-I-Field
2364,in,O
2365,our,O
2366,lab,O
2367,",",O
2368,and,O
2369,one,O
2370,in,O
2371,immunogenetics,B-B-Field
2372,in,O
2373,@BlagojeSoskic,O
2374,‚Äô,O
2375,s,O
2376,lab,O
2377,.,O
2378,Feel,O
2379,free,O
2380,to,O
2381,reach,O
2382,out,O
2383,for,O
2384,informal,O
2385,inquiries,O
2386,https://t.co/0nazJVGjzq.,B-B-Link
2387,Retweets,O
2388,very,O
2389,welcome,O
2390,!,O
2391,,
2392,Exciting,O
2393,opportunity,O
2394,in,O
2395,the,O
2396,@EFRIGriffith,O
2397,#FoodScincesGroup,O
2398,:,O
2399,fully,O
2400,-,O
2401,funded,O
2402,#PhD,O
2403,scholarship,O
2404,on,O
2405,#nutquality,B-B-Field
2406,#hyperspactral,B-I-Field
2407,#imaging,B-I-Field
2408,working,O
2409,with,O
2410,@Shahla_HBai,O
2411,and,O
2412,Prof,O
2413,.,O
2414,Helen,O
2415,Wallace,O
2416,",",O
2417,if,O
2418,interested,O
2419,",",O
2420,please,O
2421,get,O
2422,in,O
2423,touch,O
2424,for,O
2425,further,O
2426,information,O
2427,to,O
2428,submit,O
2429,an,O
2430,EOI,O
2431,,
2432,9,O
2433,fully,O
2434,-,O
2435,funded,O
2436,PhD,O
2437,positions,O
2438,in,O
2439,Behavioural,B-B-Field
2440,Science,B-I-Field
2441,at,O
2442,the,O
2443,Luxembourg,O
2444,Institute,O
2445,of,O
2446,Socio,O
2447,-,O
2448,Economic,O
2449,Research,O
2450,(,O
2451,LISER,B-B-Lab
2452,),O
2453,and,O
2454,the,O
2455,University,B-B-Univ
2456,of,B-I-Univ
2457,Luxembourg,B-I-Univ
2458,.,O
2459,PS,O
2460,:,O
2461,Do,O
2462,NOT,O
2463,send,O
2464,your,O
2465,application,O
2466,via,O
2467,email,O
2468,Deadline,O
2469,:,O
2470,15th,B-B-Deadline
2471,July,B-I-Deadline
2472,2021,B-I-Deadline
2473,https://t.co/Yw9HHDUoXq,B-B-Link
2474,https://t.co/qm0PLujSi2,B-B-Link
2475,https://t.co/XkeoyivKSP,B-B-Link
2476,,
2477,3,O
2478,fully,O
2479,-,O
2480,funded,O
2481,PhD,O
2482,positions,O
2483,on,O
2484,6,B-B-Field
2485,G,B-I-Field
2486,Wireless,B-I-Field
2487,Communications,B-I-Field
2488,at,O
2489,SEEMO,O
2490,",",O
2491,TU,B-B-Univ
2492,Darmstadt,B-I-Univ
2493,",",O
2494,Germany,B-B-Country
2495,.,O
2496,Deadline,O
2497,:,O
2498,June,B-B-Deadline
2499,30th,B-I-Deadline
2500,",",O
2501,2021,B-I-Deadline
2502,Apply,O
2503,:,O
2504,https://t.co/hAYN6jxWnB,B-B-Link
2505,About,O
2506,TU,O
2507,Darmstadt,O
2508,:,O
2509,https://t.co/OCEnCGqPvZ,B-B-Link
2510,https://t.co/ylmfQf27Ph,B-B-Link
2511,,
2512,1,O
2513,/,O
2514,Our,O
2515,lab,O
2516,at,O
2517,@MonashBDI,B-B-Lab
2518,(,O
2519,https://t.co/iugPcq4BMJ,B-B-Link
2520,),O
2521,",",O
2522,Melbourne,O
2523,",",O
2524,Australia,B-B-Country
2525,is,O
2526,recruiting,O
2527,new,O
2528,PhD,O
2529,students,O
2530,for,O
2531,funded,O
2532,medical,B-B-Field
2533,and,B-I-Field
2534,environmental,B-I-Field
2535,projects,O
2536,.,O
2537,Fully,O
2538,funded,O
2539,3.5,O
2540,year,O
2541,scholarships,O
2542,for,O
2543,two,O
2544,students,O
2545,currently,O
2546,in,O
2547,Aus,O
2548,or,O
2549,NZ,O
2550,for,O
2551,2021,O
2552,start,O
2553,",",O
2554,two,O
2555,international,O
2556,students,O
2557,for,O
2558,2022,O
2559,.,O
2560,,
2561,Come,O
2562,and,O
2563,join,O
2564,our,O
2565,research,O
2566,group,O
2567,to,O
2568,complete,O
2569,a,O
2570,multidisciplinary,O
2571,PhD,O
2572,focussing,O
2573,on,O
2574,the,O
2575,oral,B-B-Field
2576,microbiome,B-I-Field
2577,and,B-I-Field
2578,health,B-I-Field
2579,.,O
2580,Did,O
2581,we,O
2582,mention,O
2583,it,O
2584,is,O
2585,FULLY,O
2586,FUNDED,O
2587,and,O
2588,you,O
2589,get,O
2590,to,O
2591,study,O
2592,microbes,O
2593,!,O
2594,#phdlife,O
2595,#Research,O
2596,@UniWestScotland,B-I-Univ
2597,",",O
2598,@uwshls,O
2599,,
2600,As,O
2601,part,O
2602,of,O
2603,the,O
2604,ORCHA,O
2605,Health,O
2606,-,O
2607,University,B-B-Univ
2608,of,B-I-Univ
2609,Warwick,B-I-Univ
2610,partnership,O
2611,",",O
2612,excited,O
2613,to,O
2614,announce,O
2615,a,O
2616,fully,O
2617,-,O
2618,funded,O
2619,(,O
2620,3.5,O
2621,years,O
2622,UK,B-B-Country
2623,/,O
2624,EU,O
2625,fees,O
2626,&,O
2627,amp,O
2628,;,O
2629,stipend,O
2630,),O
2631,PhD,O
2632,Studentship,O
2633,on,O
2634,:,O
2635,‚Äò,O
2636,Evaluating,B-B-Topic
2637,Behaviour,B-I-Topic
2638,Change,B-I-Topic
2639,Techniques,B-I-Topic
2640,in,B-I-Topic
2641,Health,B-I-Topic
2642,Apps,B-I-Topic
2643,‚Äô,O
2644,.,O
2645,See,O
2646,here,O
2647,for,O
2648,more,O
2649,info,O
2650,&,O
2651,amp,O
2652,;,O
2653,how,O
2654,to,O
2655,apply,O
2656,:,O
2657,https://t.co/cPKfev8fqF,B-B-Link
2658,,
2659,Fully,O
2660,funded,O
2661,PhD,O
2662,studentship,O
2663,available,O
2664,in,O
2665,cell,B-B-Field
2666,biology,B-I-Field
2667,in,O
2668,collaboration,O
2669,with,O
2670,Unilever,O
2671,https://t.co/DJIgU47rlz,B-B-Link
2672,,
2673,Closing,O
2674,7,B-B-Deadline
2675,July,B-I-Deadline
2676,.,O
2677,A,O
2678,fully,O
2679,funded,O
2680,PhD,O
2681,opportunity,O
2682,to,O
2683,join,O
2684,@uniofbrighton,B-B-Univ
2685,exploring,O
2686,how,B-B-Topic
2687,resistance,B-I-Topic
2688,to,B-I-Topic
2689,the,B-I-Topic
2690,GRA,B-I-Topic
2691,reform,B-I-Topic
2692,has,B-I-Topic
2693,affected,B-I-Topic
2694,the,B-I-Topic
2695,lives,B-I-Topic
2696,of,B-I-Topic
2697,trans,B-I-Topic
2698,and,B-I-Topic
2699,gender,B-I-Topic
2700,-,B-I-Topic
2701,diverse,B-I-Topic
2702,youth,B-I-Topic
2703,.,O
2704,Check,O
2705,out,O
2706,the,O
2707,link,O
2708,below,O
2709,.,O
2710,Applications,O
2711,from,O
2712,trans,O
2713,students,O
2714,are,O
2715,particularly,O
2716,welcomed,O
2717,.,O
2718,@CTSG_Brighton,B-B-Lab
2719,,
2720,Interesting,O
2721,opportunity,O
2722,for,O
2723,a,O
2724,fully,O
2725,funded,O
2726,",",O
2727,industry,O
2728,embedded,O
2729,PhD,O
2730,üëá,O
2731,üëá,O
2732,https://t.co/W9EBVbPdXL,B-B-Link
2733,,
2734,Really,O
2735,exciting,O
2736,fully,O
2737,funded,O
2738,PhD,O
2739,opportunity,O
2740,@LYIT,B-B-Univ
2741,.,O
2742,An,O
2743,amazing,O
2744,chance,O
2745,to,O
2746,conduct,O
2747,some,O
2748,really,O
2749,impactful,O
2750,research,O
2751,!,O
2752,https://t.co/SxdtgR6ABZ,B-B-Link
2753,,
2754,Direct,O
2755,links,O
2756,below,O
2757,to,O
2758,each,O
2759,of,O
2760,our,O
2761,three,O
2762,fully,O
2763,-,O
2764,funded,O
2765,PhD,O
2766,studentships,O
2767,in,O
2768,the,O
2769,@NIHRIO,O
2770,at,O
2771,@UniofNewcastle,B-B-Univ
2772,.,O
2773,Evidence,O
2774,synthesis,O
2775,2.0,O
2776,",",O
2777,y,O
2778,‚Äô,O
2779,all,O
2780,!,O
2781,ü¶æ,O
2782,#ArtificialIntelligence,B-B-Field
2783,,
2784,Fully,O
2785,-,O
2786,funded,O
2787,PhD,O
2788,Positions,O
2789,in,O
2790,Civil,B-B-Field
2791,",",B-I-Field
2792,Environmental,B-I-Field
2793,and,B-I-Field
2794,Mechanical,B-I-Field
2795,Engineering,B-I-Field
2796,at,O
2797,the,O
2798,University,B-B-Univ
2799,of,B-I-Univ
2800,Trento,B-I-Univ
2801,",",O
2802,Italy,B-B-Country
2803,.,O
2804,Start,O
2805,date,O
2806,:,O
2807,Nov,O
2808,1st,O
2809,",",O
2810,2021,O
2811,Deadline,O
2812,:,O
2813,July,B-B-Deadline
2814,26th,B-I-Deadline
2815,",",B-I-Deadline
2816,2021,B-I-Deadline
2817,Apply,O
2818,:,O
2819,https://t.co/iZ8ote3rd8,B-B-Link
2820,https://t.co/H3NoXuoUeA,B-B-Link
2821,,
2822,We,O
2823,have,O
2824,some,O
2825,fabulous,O
2826,opportunities,O
2827,available,O
2828,for,O
2829,3,O
2830,fully,O
2831,funded,O
2832,PhD,O
2833,pedagogic,B-B-Field
2834,research,B-I-Field
2835,studentships,O
2836,as,O
2837,part,O
2838,of,O
2839,the,O
2840,new,O
2841,SCoLPP,O
2842,(,O
2843,Staffordshire,O
2844,Centre,O
2845,of,O
2846,Learning,O
2847,and,O
2848,Pedagogic,O
2849,Practice,O
2850,),O
2851,research,O
2852,centre,O
2853,.,O
2854,https://t.co/dewN0wr8gY,B-B-Link
2855,,
2856,Another,O
2857,fully,O
2858,funded,O
2859,PhD,O
2860,at,O
2861,@LYIT,B-B-Univ
2862,with,O
2863,@ORRECO1,O
2864,@kenvansom,O
2865,@theronandoherty,O
2866,@pedlarcr,O
2867,@GBruinvels,O
2868,investigating,O
2869,menstrual,B-B-Field
2870,cycle,B-I-Field
2871,",",B-I-Field
2872,fatigue,B-I-Field
2873,&,O
2874,amp,O
2875,;,O
2876,performance,O
2877,in,O
2878,female,O
2879,athletes,O
2880,.,O
2881,Further,O
2882,info,O
2883,at,O
2884,https://t.co/asoDqVxyZw,B-B-Link
2885,https://t.co/jXeQ8c8lw0,B-B-Link
2886,,
2887,An,O
2888,exciting,O
2889,opportunity,O
2890,for,O
2891,a,O
2892,fully,O
2893,-,O
2894,funded,O
2895,PhD,O
2896,investigating,B-B-Field
2897,health,B-I-Field
2898,&,O
2899,amp,O
2900,;,O
2901,performance,O
2902,in,O
2903,elite,O
2904,triathlon,O
2905,with,O
2906,@LYIT,B-B-Univ
2907,@tri_ireland,O
2908,@kenvansom,O
2909,@geeves2012,O
2910,@OptimalFitLK,O
2911,Further,O
2912,info,O
2913,at,O
2914,https://t.co/7DC34DwdRo,B-B-Link
2915,https://t.co/JSd0GAjMFJ,B-B-Link
2916,,
2917,üá©üá™,O
2918,Our,O
2919,#MSCA,O
2920,#ITN,O
2921,includes,O
2922,two,O
2923,fully,O
2924,-,O
2925,funded,O
2926,#PhD,O
2927,projects,O
2928,at,O
2929,University,B-B-Univ
2930,Hospital,B-I-Univ
2931,W√ºrzburg,B-I-Univ
2932,",",O
2933,Germany,B-B-Country
2934,",",O
2935,working,O
2936,with,O
2937,Philip,O
2938,Tovote,O
2939,.,O
2940,Apply,O
2941,:,O
2942,https://t.co/yyFvgGaTIe,B-B-Link
2943,Project,O
2944,info,O
2945,in,O
2946,thread,O
2947,üëá,O
2948,,
2949,Recruiting,O
2950,:,O
2951,Industry,O
2952,-,O
2953,supported,O
2954,fully,O
2955,funded,O
2956,PhD,O
2957,position,O
2958,in,O
2959,my,O
2960,research,O
2961,group,O
2962,.,O
2963,You,O
2964,need,O
2965,a,O
2966,background,O
2967,in,O
2968,Mech,B-B-Field
2969,or,B-I-Field
2970,Chem,B-I-Field
2971,Eng,B-I-Field
2972,and,B-I-Field
2973,good,B-I-Field
2974,software,B-I-Field
2975,skill,B-I-Field
2976,(,B-I-Field
2977,python,B-I-Field
2978,or,B-I-Field
2979,gPROMS,B-I-Field
2980,),B-I-Field
2981,.,O
2982,Apply,O
2983,here,O
2984,:,O
2985,https://t.co/Xexy3ComvC,B-B-Link
2986,,
2987,Interested,O
2988,in,O
2989,auditory,B-B-Field
2990,predictiions,B-I-Field
2991,?,O
2992,Apply,O
2993,now,O
2994,(,O
2995,https://t.co/7xgEGxGYHg,B-B-Link
2996,),O
2997,for,O
2998,a,O
2999,fully,O
3000,-,O
3001,funded,O
3002,PhD,O
3003,position,O
3004,at,O
3005,@UniOslo_RITMO,B-B-Univ
3006,!,O
3007,Join,O
3008,the,O
3009,AudioPred,O
3010,project,O
3011,(,O
3012,https://t.co/d9SMK7j9K2,B-B-Link
3013,),O
3014,to,O
3015,understand,O
3016,predictions,B-B-Topic
3017,using,B-I-Topic
3018,intracranial,B-I-Topic
3019,EEG,B-I-Topic
3020,signals,B-I-Topic
3021,recorded,B-I-Topic
3022,from,B-I-Topic
3023,human,B-I-Topic
3024,patients,B-I-Topic
3025,.,O
3026,Please,O
3027,RT,O
3028,!,O
3029,,
3030,Fully,O
3031,-,O
3032,funded,O
3033,PhD,O
3034,position,O
3035,@Michelin,O
3036,and,O
3037,the,O
3038,Laboratory,O
3039,for,O
3040,Computer,B-B-Field
3041,Science,B-I-Field
3042,and,B-I-Field
3043,Automation,B-I-Field
3044,Systems,B-I-Field
3045,(,O
3046,LIAS,B-B-Lab
3047,),O
3048,",",O
3049,Poitiers,B-B-Univ
3050,University,B-I-Univ
3051,",",O
3052,France,O
3053,.,O
3054,Suitable,O
3055,for,O
3056,students,O
3057,with,O
3058,a,O
3059,background,O
3060,in,O
3061,mathematics,B-B-Field
3062,.,O
3063,Cc,O
3064,:,O
3065,@AaronAkpuPhilip,O
3066,@Beyond__Gender,O
3067,@_asantekente,O
3068,@Exquisita_lady,O
3069,@zainab__tiamiyu,O
3070,https://t.co/FfOoL3v1GO,B-B-Link
3071,,
3072,Applicants,O
3073,invited,O
3074,for,O
3075,fully,O
3076,funded,O
3077,PhD,O
3078,position,O
3079,@GCU_BIO,O
3080,cell,B-B-Topic
3081,to,B-I-Topic
3082,cell,B-I-Topic
3083,communication,B-I-Topic
3084,in,B-I-Topic
3085,epithelial,B-I-Topic
3086,cells,B-I-Topic
3087,.,O
3088,.,O
3089,.,O
3090,please,O
3091,retweet,O
3092,or,O
3093,DM,O
3094,me,O
3095,for,O
3096,further,O
3097,info,O
3098,.,O
3099,https://t.co/W43ofrmv5r,B-B-Link
3100,,
3101,https://t.co/TuD1F57Jzx,B-B-Link
3102,Call,O
3103,for,O
3104,applications,O
3105,:,O
3106,fully,O
3107,funded,O
3108,PhD,O
3109,at,O
3110,@uniofbrighton,B-B-Univ
3111,to,O
3112,study,O
3113,how,B-B-Topic
3114,resistance,B-I-Topic
3115,to,B-I-Topic
3116,the,B-I-Topic
3117,GRA,B-I-Topic
3118,reform,B-I-Topic
3119,affects,B-I-Topic
3120,the,B-I-Topic
3121,lives,B-I-Topic
3122,of,B-I-Topic
3123,#trans,B-I-Topic
3124,and,B-I-Topic
3125,gender,B-I-Topic
3126,-,B-I-Topic
3127,diverse,B-I-Topic
3128,youth,B-I-Topic
3129,.,O
3130,Deadline,O
3131,7,B-B-Deadline
3132,July,B-I-Deadline
3133,.,O
3134,Pls,O
3135,RT,O
3136,.,O
3137,,
3138,üì¢,O
3139,NINE,O
3140,fully,O
3141,funded,O
3142,PhD,O
3143,Positions,O
3144,with,O
3145,@data_mar,O
3146,#MarDATA,O
3147,in,O
3148,Kiel,O
3149,",",O
3150,Germany,O
3151,at,O
3152,the,O
3153,Helmholtz,O
3154,School,O
3155,for,O
3156,Marine,B-B-Field
3157,Data,B-I-Field
3158,Science,B-I-Field
3159,Apply,O
3160,here,O
3161,üëá,O
3162,https://t.co/Famp29Yclc,B-B-Link
3163,,
3164,Fully,O
3165,funded,O
3166,PhD,O
3167,in,O
3168,creative,B-B-Field
3169,arts,B-I-Field
3170,",",B-I-Field
3171,performing,B-I-Field
3172,arts,B-I-Field
3173,",",B-I-Field
3174,music,B-I-Field
3175,",",B-I-Field
3176,media,B-I-Field
3177,and,B-I-Field
3178,cultural,B-I-Field
3179,studies,B-I-Field
3180,:,O
3181,https://t.co/mi4eYTij64,B-B-Link
3182,,
3183,Fully,O
3184,funded,O
3185,law,O
3186,and,O
3187,psychology,O
3188,PhD,O
3189,opportunity,O
3190,in,O
3191,compulsory,B-B-Field
3192,treatment,B-I-Field
3193,",",B-I-Field
3194,alternatives,B-I-Field
3195,and,B-I-Field
3196,rights,B-I-Field
3197,with,O
3198,Dr,O
3199,Paul,O
3200,Hutton,O
3201,and,O
3202,me,O
3203,.,O
3204,Take,O
3205,a,O
3206,look,O
3207,and,O
3208,apply,O
3209,?,O
3210,,
3211,Fully,O
3212,-,O
3213,funded,O
3214,PhD,O
3215,positions,O
3216,at,O
3217,the,O
3218,London,B-B-Univ
3219,School,B-I-Univ
3220,of,B-I-Univ
3221,Hygiene,B-I-Univ
3222,&,O
3223,amp,O
3224,;,O
3225,Tropical,B-B-Topic
3226,Medicine,B-I-Topic
3227,for,B-I-Topic
3228,students,B-I-Topic
3229,from,B-I-Topic
3230,Sub,B-I-Topic
3231,-,B-I-Topic
3232,Saharan,B-I-Topic
3233,African,B-I-Topic
3234,countries,B-I-Topic
3235,.,O
3236,Start,O
3237,date,O
3238,:,O
3239,January,O
3240,3,O
3241,",",O
3242,2022,O
3243,.,O
3244,Deadline,O
3245,:,O
3246,11,B-B-Deadline
3247,July,B-I-Deadline
3248,2021,B-I-Deadline
3249,Apply,O
3250,:,O
3251,https://t.co/vEE60ZZb7r,B-B-Link
3252,https://t.co/2w4qlJav0J,B-B-Link
3253,,
3254,58,O
3255,.,O
3256,),O
3257,Fully,O
3258,funded,O
3259,PhD,O
3260,position,O
3261,available,O
3262,at,O
3263,the,O
3264,University,B-B-Univ
3265,of,B-I-Univ
3266,Warwick,B-I-Univ
3267,",",O
3268,England,B-B-Country
3269,üè¥Û†ÅßÛ†Å¢Û†Å•Û†ÅÆÛ†ÅßÛ†Åø,O
3270,üá¨üáß,O
3271,@warwickuni,O
3272,https://t.co/eTMnSTU1Gv,B-B-Link
3273,,
3274,Exciting,O
3275,opportunity,O
3276,alert,O
3277,!,O
3278,We,O
3279,have,O
3280,three,O
3281,fully,O
3282,funded,O
3283,PhD,O
3284,scholarships,O
3285,available,O
3286,as,O
3287,part,O
3288,of,O
3289,our,O
3290,Public,B-B-Field
3291,Housing,B-I-Field
3292,and,B-I-Field
3293,Urban,B-I-Field
3294,Regeneration,B-I-Field
3295,MBIE,O
3296,Endeavour,O
3297,fund,O
3298,programme,O
3299,.,O
3300,We,O
3301,re,O
3302,particularly,O
3303,keen,O
3304,to,O
3305,hear,O
3306,from,O
3307,M,O
3308,ƒÅ,O
3309,ori,O
3310,and,O
3311,Pasifika,O
3312,students,O
3313,.,O
3314,Details,O
3315,here,O
3316,:,O
3317,https://t.co/9Dksf3xeDv,B-B-Link
3318,,
3319,Fully,O
3320,funded,O
3321,PhD,O
3322,position,O
3323,available,O
3324,at,O
3325,the,O
3326,University,B-B-Univ
3327,of,B-I-Univ
3328,Warwick,B-I-Univ
3329,",",O
3330,England,B-B-Country
3331,üè¥Û†ÅßÛ†Å¢Û†Å•Û†ÅÆÛ†ÅßÛ†Åø,O
3332,üá¨üáß,O
3333,https://t.co/zX5YIY2k6p,B-B-Link
3334,,
3335,Interested,O
3336,in,O
3337,a,O
3338,PhD,O
3339,in,O
3340,neuromodulation,B-B-Field
3341,of,B-I-Field
3342,language,B-I-Field
3343,in,O
3344,our,O
3345,lab,O
3346,?,O
3347,We,O
3348,have,O
3349,a,O
3350,scholarship,O
3351,and,O
3352,fully,O
3353,-,O
3354,funded,O
3355,project,O
3356,available,O
3357,with,O
3358,@BrownsettHill,O
3359,combining,O
3360,TMS,O
3361,and,O
3362,fMRI,O
3363,!,O
3364,,
3365,#ScholarlyWednesdays,O
3366,Fully,O
3367,funded,O
3368,MPhil,O
3369,and,O
3370,PhD,O
3371,scholarships,O
3372,in,O
3373,new,B-B-Field
3374,Antimicrobial,B-I-Field
3375,Agents,B-I-Field
3376,at,O
3377,Queensland,B-B-Univ
3378,University,B-I-Univ
3379,of,B-I-Univ
3380,Technology,B-I-Univ
3381,QUT,B-I-Univ
3382,",",B-I-Univ
3383,Brisbane,B-I-Univ
3384,",",O
3385,Australia,B-B-Country
3386,üá¶üá∫,O
3387,Application,O
3388,close,O
3389,July,B-B-Deadline
3390,21,B-I-Deadline
3391,#phd,O
3392,#graduateschool,O
3393,#Australia,B-B-Country
3394,#QUT,O
3395,üá¶üá∫,O
3396,üë®‚Äçüî¨,O
3397,https://t.co/0gBLpY86j5,B-B-Link
3398,,
3399,#ScholarlyWednesdays,O
3400,MS,O
3401,and,O
3402,Phd,O
3403,positions,O
3404,available,O
3405,Fully,O
3406,-,O
3407,Funded,O
3408,MSc,O
3409,and,O
3410,PhD,O
3411,positions,O
3412,at,O
3413,the,O
3414,University,B-B-Univ
3415,of,B-I-Univ
3416,Manitoba,B-I-Univ
3417,",",O
3418,Canada,B-B-Country
3419,starting,O
3420,January,O
3421,2022,O
3422,.,O
3423,If,O
3424,you,O
3425,are,O
3426,interested,O
3427,",",O
3428,please,O
3429,send,O
3430,your,O
3431,CV,O
3432,",",O
3433,Transcripts,O
3434,",",O
3435,and,O
3436,Publications,O
3437,to,O
3438,Dr,O
3439,.,O
3440,Pingzhao,O
3441,Hu,O
3442,(,O
3443,pingzhao.hu@umanitoba.ca,O
3444,),O
3445,.,O
3446,https://t.co/6tR57f9eXa,B-B-Link
3447,,
3448,31,O
3449,.,O
3450,National,B-B-Univ
3451,University,B-I-Univ
3452,of,B-I-Univ
3453,Taiwan,B-I-Univ
3454,Scholarships,O
3455,2021,O
3456,Fully,O
3457,Funded,O
3458,Bachelor,O
3459,‚Äô,O
3460,s,O
3461,Degree,O
3462,Program,O
3463,:,O
3464,4,O
3465,Years,O
3466,Master,O
3467,‚Äô,O
3468,s,O
3469,Program,O
3470,:,O
3471,2,O
3472,Years,O
3473,PhD,O
3474,Program,O
3475,:,O
3476,3,O
3477,Years,O
3478,üîπ,O
3479,Ô∏è,O
3480,Tuition,O
3481,Fee,O
3482,üî∏,O
3483,Ô∏è,O
3484,Monthly,O
3485,Stipend,O
3486,üîπ,O
3487,Ô∏è,O
3488,Airfare,O
3489,Tickets,O
3490,üî∏,O
3491,Ô∏è,O
3492,Accommodation,O
3493,üîπ,O
3494,Ô∏è,O
3495,Health,O
3496,Insurance,O
3497,https://t.co/TKaHQkT5UR,B-B-Link
3498,,
3499,One,O
3500,week,O
3501,left,O
3502,to,O
3503,apply,O
3504,for,O
3505,our,O
3506,fully,O
3507,funded,O
3508,PhD,O
3509,studentship,O
3510,on,O
3511,genomic,B-B-Topic
3512,analysis,B-I-Topic
3513,of,B-I-Topic
3514,rare,B-I-Topic
3515,tumours,B-I-Topic
3516,that,B-I-Topic
3517,arise,B-I-Topic
3518,from,B-I-Topic
3519,placental,B-I-Topic
3520,cells,B-I-Topic
3521,.,O
3522,This,O
3523,iCASE,O
3524,PhD,O
3525,@ImperialMed,O
3526,includes,O
3527,a,O
3528,3,O
3529,month,O
3530,industrial,O
3531,placement,O
3532,at,O
3533,innovative,O
3534,genomics,O
3535,company,O
3536,@NonacusLtd,O
3537,.,O
3538,Details,O
3539,here,O
3540,:,O
3541,https://t.co/pNBzXq5HRj,B-B-Link
3542,,
3543,PhD,O
3544,Opportunity,O
3545,:,O
3546,Estimating,B-B-Topic
3547,sources,B-I-Topic
3548,and,B-I-Topic
3549,population,B-I-Topic
3550,exposure,B-I-Topic
3551,to,B-I-Topic
3552,VOC,B-I-Topic
3553,pollution,B-I-Topic
3554,indoors,B-I-Topic
3555,at,O
3556,@AtmosChemYork,B-B-Lab
3557,",",O
3558,fully,O
3559,funded,O
3560,for,O
3561,3.5,O
3562,yrs,O
3563,by,O
3564,@AtmosScience,B-B-Lab
3565,",",O
3566,closes,O
3567,Mon,B-B-Deadline
3568,19,B-I-Deadline
3569,July,B-I-Deadline
3570,.,O
3571,https://t.co/jpnyzJ99MQ,B-B-Link
3572,,
3573,Looking,O
3574,for,O
3575,a,O
3576,fully,O
3577,-,O
3578,funded,O
3579,Engineering,O
3580,PhD,O
3581,?,O
3582,Working,O
3583,with,O
3584,Prof,O
3585,Richard,O
3586,Dinsdale,O
3587,",",O
3588,a,O
3589,@RAEngNews,O
3590,Chair,O
3591,of,O
3592,Emerging,O
3593,Technologies,O
3594,",",O
3595,this,O
3596,project,O
3597,will,O
3598,analyse,O
3599,a,O
3600,range,O
3601,of,O
3602,bio,B-B-Topic
3603,-,B-I-Topic
3604,electrochemical,B-I-Topic
3605,reactor,B-I-Topic
3606,designs,B-I-Topic
3607,to,B-I-Topic
3608,inform,B-I-Topic
3609,scale,B-I-Topic
3610,up,B-I-Topic
3611,&,O
3612,amp,O
3613,;,O
3614,industrial,B-B-Field
3615,exploitation,B-I-Field
3616,https://t.co/Q1l1lVgaSU,B-B-Link
3617,#IWED2021,O
3618,https://t.co/Elnus59hTI,B-B-Link
3619,,
3620,08,O
3621,PhD,O
3622,Degree,O
3623,‚Äì,O
3624,Fully,O
3625,Funded,O
3626,at,O
3627,The,O
3628,University,B-B-Univ
3629,of,B-I-Univ
3630,Groningen,B-I-Univ
3631,",",O
3632,Netherlands,B-B-Country
3633,#phd,O
3634,#phdpositions,O
3635,#Groningen,O
3636,_,O
3637,University,O
3638,#VacancyEdu,O
3639,https://t.co/ZSzN8EOhua,B-B-Link
3640,,
3641,üì¢,O
3642,Looking,O
3643,for,O
3644,a,O
3645,fully,O
3646,-,O
3647,funded,O
3648,PhD,O
3649,in,O
3650,Neural,B-B-Field
3651,Language,B-I-Field
3652,Generation,B-I-Field
3653,?,O
3654,Join,O
3655,ADAPT,O
3656,under,O
3657,the,O
3658,supervision,O
3659,of,O
3660,Prof,O
3661,@anyabelz,O
3662,&,O
3663,amp,O
3664,;,O
3665,become,O
3666,embedded,O
3667,in,O
3668,an,O
3669,expanding,O
3670,group,O
3671,of,O
3672,researchers,O
3673,working,O
3674,on,O
3675,language,O
3676,generation,O
3677,methods,O
3678,!,O
3679,Find,O
3680,out,O
3681,more,O
3682,:,O
3683,https://t.co/VQuymzSbnp,B-B-Link
3684,#computerscience,B-B-Field
3685,#NLP,B-I-Field
3686,https://t.co/1R84AiGytM,B-B-Link
3687,,
3688,BME,O
3689,'s,O
3690,incoming,O
3691,Assistant,O
3692,Professor,O
3693,",",O
3694,Dr,O
3695,.,O
3696,Muhammad,O
3697,Rizwan,O
3698,is,O
3699,accepting,O
3700,applications,O
3701,for,O
3702,fully,O
3703,funded,O
3704,PhD,O
3705,position,O
3706,(,O
3707,s,O
3708,),O
3709,to,O
3710,work,O
3711,on,O
3712,projects,O
3713,in,O
3714,biomaterials,B-B-Field
3715,",",B-I-Field
3716,tissue,B-I-Field
3717,engineering,B-I-Field
3718,",",B-I-Field
3719,and,B-I-Field
3720,regenerative,B-I-Field
3721,medicine,B-I-Field
3722,starting,O
3723,Jan,O
3724,2022,O
3725,.,O
3726,#michigantech,O
3727,#huskybme,O
3728,#MTUBiomed,O
3729,#mturesearch,O
3730,,
3731,Great,O
3732,chance,O
3733,to,O
3734,do,O
3735,a,O
3736,fully,O
3737,funded,O
3738,#PhysicalActivity,B-B-Field
3739,PhD,O
3740,@EdinburghNapier,B-B-Univ
3741,with,O
3742,me,O
3743,and,O
3744,@lisneubeck,O
3745,as,O
3746,supervisors,O
3747,.,O
3748,Very,O
3749,happy,O
3750,to,O
3751,chat,O
3752,if,O
3753,you,O
3754,think,O
3755,you,O
3756,might,O
3757,be,O
3758,interested,O
3759,,
3760,Interested,O
3761,in,O
3762,exploring,O
3763,the,O
3764,future,O
3765,of,O
3766,artificial,B-B-Field
3767,social,B-I-Field
3768,intelligence,B-I-Field
3769,?,O
3770,Up,O
3771,to,O
3772,10,O
3773,fully,O
3774,funded,O
3775,4,O
3776,-,O
3777,yr,O
3778,PhD,O
3779,Studentships,O
3780,available,O
3781,with,O
3782,@Social__AI,B-B-Lab
3783,!,O
3784,Applications,O
3785,open,O
3786,for,O
3787,September,O
3788,2021,O
3789,entry,O
3790,.,O
3791,Apply,O
3792,by,O
3793,28,B-B-Deadline
3794,June,B-I-Deadline
3795,.,O
3796,https://t.co/kDE6UnRep7,B-B-Link
3797,@SICSA_Scotland,O
3798,@DataLabScotland,B-B-Lab
3799,@digitalscots,O
3800,https://t.co/Fr6c2SadGh,B-B-Link
3801,,
3802,London,B-B-Univ
3803,School,B-I-Univ
3804,of,B-I-Univ
3805,Hygiene,B-I-Univ
3806,&,O
3807,amp,O
3808,;,O
3809,Tropical,B-B-Field
3810,Medicine,B-I-Field
3811,@LSHTM,O
3812,invites,O
3813,applications,O
3814,from,O
3815,candidates,O
3816,from,O
3817,Sub,O
3818,-,O
3819,Saharan,O
3820,Africa,O
3821,for,O
3822,Reckitt,O
3823,-,O
3824,LSHTM,O
3825,fully,O
3826,-,O
3827,funded,O
3828,4,O
3829,-,O
3830,year,O
3831,PhD,O
3832,studentships,O
3833,to,O
3834,start,O
3835,a,O
3836,research,O
3837,degree,O
3838,program,O
3839,in,O
3840,January,O
3841,2022,O
3842,",",O
3843,3,O
3844,available,O
3845,.,O
3846,Deadline,O
3847,:,O
3848,July,B-B-Deadline
3849,11,B-I-Deadline
3850,.,O
3851,https://t.co/lPQI5RT1XM,B-B-Link
3852,,
3853,Fully,O
3854,-,O
3855,funded,O
3856,PhD,O
3857,position,O
3858,open,O
3859,at,O
3860,@isemevol,O
3861,If,O
3862,you,O
3863,are,O
3864,interested,O
3865,in,O
3866,molecular,B-B-Field
3867,evolution,B-I-Field
3868,&,O
3869,amp,O
3870,;,O
3871,you,O
3872,want,O
3873,to,O
3874,understand,O
3875,more,O
3876,about,O
3877,genome,B-B-Field
3878,size,B-I-Field
3879,evolution,B-I-Field
3880,",",O
3881,this,O
3882,is,O
3883,for,O
3884,you,O
3885,!,O
3886,Full,O
3887,info,O
3888,here,O
3889,:,O
3890,https://t.co/YSJGPG3NRm,B-B-Link
3891,@Tristan_Lefebur,O
3892,@afiston,O
3893,@AnnabelleHaudry,O
3894,,
3895,üêã,O
3896,MARINE,O
3897,MEGAFAUNA,O
3898,PHD,O
3899,üê¨,O
3900,Fully,O
3901,-,O
3902,funded,O
3903,PhD,O
3904,scholarship,O
3905,on,O
3906,human,B-B-Topic
3907,-,O
3908,wildlife,B-I-Topic
3909,interactions,B-I-Topic
3910,with,B-I-Topic
3911,iconic,B-I-Topic
3912,marine,B-I-Topic
3913,species,B-I-Topic
3914,in,O
3915,üèù,O
3916,Noosa,O
3917,Biosphere,O
3918,Reserve,O
3919,w,O
3920,me,O
3921,",",O
3922,@JXavierLeon,O
3923,@DrRossDwyer,O
3924,&,O
3925,amp,O
3926,;,O
3927,Dr,O
3928,.,O
3929,Bonnie,O
3930,Holmes,O
3931,.,O
3932,‚û°Ô∏è,O
3933,https://t.co/jfINJK9arR,B-B-Link
3934,üåè,O
3935,Aus,O
3936,/,O
3937,NZ,O
3938,applicants,O
3939,‚è∞,O
3940,30/7,B-B-Deadline
3941,Pic,O
3942,:,O
3943,https://t.co/b5XBw1CRtB,B-B-Link
3944,https://t.co/kIcEqmdDg3,B-B-Link
3945,,
3946,Please,O
3947,RT,O
3948,!,O
3949,We,O
3950,have,O
3951,two,O
3952,fully,O
3953,-,O
3954,funded,O
3955,#PhD,O
3956,studentships,O
3957,available,O
3958,:,O
3959,üî∏,O
3960,Genomic,B-B-Field
3961,adaptation,B-I-Field
3962,of,O
3963,gut,O
3964,bacteria,O
3965,in,O
3966,long,O
3967,-,O
3968,term,O
3969,human,O
3970,colonization,O
3971,(,O
3972,@Falk_tw,O
3973,@ERC_Research,O
3974,),O
3975,üî∏,O
3976,Understanding,O
3977,how,B-B-Topic
3978,bacterial,B-I-Topic
3979,biofilms,B-I-Topic
3980,evolve,B-I-Topic
3981,under,B-I-Topic
3982,stress,B-I-Topic
3983,(,O
3984,@ma_webber,O
3985,@NRPBIODTP,O
3986,),O
3987,More,O
3988,:,O
3989,https://t.co/RgJ04QRLod,B-B-Link
3990,https://t.co/CNL9MI9OtI,B-B-Link
3991,,
3992,We,O
3993,have,O
3994,three,O
3995,open,O
3996,",",O
3997,fully,O
3998,-,O
3999,funded,O
4000,PhD,O
4001,positions,O
4002,with,O
4003,focus,O
4004,on,O
4005,6,B-B-Field
4006,G,B-I-Field
4007,Wireless,B-I-Field
4008,Communications,B-I-Field
4009,at,O
4010,@seemoolab,B-B-Lab
4011,",",O
4012,TU,B-B-Univ
4013,Darmstadt,B-I-Univ
4014,",",O
4015,Germany,B-B-Country
4016,.,O
4017,More,O
4018,information,O
4019,:,O
4020,https://t.co/RGMJwLZPb8,B-B-Link
4021,,
4022,Amazing,O
4023,opportunity,O
4024,for,O
4025,*,O
4026,three,O
4027,*,O
4028,üéâ,O
4029,fully,O
4030,funded,O
4031,üéâ,O
4032,PhD,O
4033,fellowships,O
4034,in,O
4035,the,O
4036,Department,B-B-Field
4037,of,B-I-Field
4038,Political,B-I-Field
4039,Science,B-I-Field
4040,open,O
4041,to,O
4042,any,O
4043,subfield,O
4044,of,O
4045,political,O
4046,science,O
4047,.,O
4048,https://t.co/vr32cjx2H5,B-B-Link
4049,,
4050,Thinking,O
4051,about,O
4052,studying,O
4053,for,O
4054,a,O
4055,PhD,O
4056,in,O
4057,Consumer,B-B-Field
4058,Psych,B-I-Field
4059,?,O
4060,The,O
4061,@UniCologne,B-B-Univ
4062,have,O
4063,a,O
4064,fully,O
4065,funded,O
4066,PhD,O
4067,position,O
4068,available,O
4069,and,O
4070,you,O
4071,get,O
4072,to,O
4073,select,O
4074,your,O
4075,own,O
4076,research,O
4077,question,O
4078,-,O
4079,a,O
4080,great,O
4081,opportunity,O
4082,if,O
4083,you,O
4084,want,O
4085,to,O
4086,pursue,O
4087,your,O
4088,own,O
4089,research,O
4090,.,O
4091,(,O
4092,The,O
4093,PhD,O
4094,is,O
4095,in,O
4096,english,O
4097,),O
4098,https://t.co/3w6V0UbeKm,B-B-Link
4099,,
4100,Do,O
4101,you,O
4102,want,O
4103,to,O
4104,do,O
4105,a,O
4106,PhD,O
4107,in,O
4108,pollitical,B-B-Field
4109,science,B-I-Field
4110,?,O
4111,We,O
4112,currently,O
4113,have,O
4114,openings,O
4115,for,O
4116,3,O
4117,fully,O
4118,funded,O
4119,fellowships,O
4120,.,O
4121,Open,O
4122,to,O
4123,any,O
4124,subfield,O
4125,in,O
4126,the,O
4127,discipline,O
4128,.,O
4129,Deadline,O
4130,:,O
4131,1st,B-B-Deadline
4132,October,B-I-Deadline
4133,https://t.co/nXRW8uSAyc,B-B-Link
4134,,
4135,Fully,O
4136,funded,O
4137,#PhD,O
4138,studentship,O
4139,available,O
4140,for,O
4141,immediate,O
4142,consideration,O
4143,.,O
4144,See,O
4145,https://t.co/lhNnolYVCd,B-B-Link
4146,,
4147,PhD,O
4148,:,O
4149,NINE,O
4150,*,O
4151,fully,O
4152,*,O
4153,funded,O
4154,PhD,O
4155,Positions,O
4156,with,O
4157,@data_mar,O
4158,Helmholtz,O
4159,School,O
4160,for,O
4161,Marine,B-B-Field
4162,Data,B-I-Field
4163,Science,B-I-Field
4164,Apply,O
4165,now,O
4166,!,O
4167,,
4168,Would,O
4169,you,O
4170,like,O
4171,to,O
4172,develop,B-B-Topic
4173,the,B-I-Topic
4174,future,B-I-Topic
4175,of,B-I-Topic
4176,robotic,B-I-Topic
4177,handling,B-I-Topic
4178,of,B-I-Topic
4179,fusion,B-I-Topic
4180,components,B-I-Topic
4181,?,O
4182,UKAEA,O
4183,‚Äô,O
4184,s,O
4185,RACE,O
4186,team,O
4187,has,O
4188,an,O
4189,exciting,O
4190,PhD,O
4191,project,O
4192,with,O
4193,@UniversityLeeds,B-B-Univ
4194,in,O
4195,cutting,B-B-Field
4196,",",B-I-Field
4197,grasping,B-I-Field
4198,and,B-I-Field
4199,packing,B-I-Field
4200,of,B-I-Field
4201,3,B-I-Field
4202,D,B-I-Field
4203,-,B-I-Field
4204,components,B-I-Field
4205,.,O
4206,It,O
4207,'s,O
4208,fully,O
4209,funded,O
4210,and,O
4211,starts,O
4212,in,O
4213,Oct,O
4214,2021,O
4215,.,O
4216,Apply,O
4217,by,O
4218,3,B-B-Deadline
4219,July,B-I-Deadline
4220,:,O
4221,https://t.co/HuxOfNPebb,B-B-Link
4222,https://t.co/w5BuWIrCVu,B-B-Link
4223,,
4224,Interested,O
4225,in,O
4226,doing,O
4227,a,O
4228,PhD,O
4229,?,O
4230,üì¢,O
4231,üëâ,O
4232,Cardiovascular,B-B-Field
4233,Health,B-I-Field
4234,or,B-I-Field
4235,Mental,B-I-Field
4236,Health,B-I-Field
4237,üëâ,O
4238,Fully,O
4239,-,O
4240,funded,O
4241,opportunities,O
4242,@EdinburghNapier,B-B-Univ
4243,üëâ,O
4244,Apply,O
4245,now,O
4246,for,O
4247,October,O
4248,start,O
4249,https://t.co/yVLanIUXut,B-B-Link
4250,https://t.co/WX416nVooR,B-B-Link
4251,,
4252,Civil,B-B-Field
4253,Engineering,B-I-Field
4254,:,O
4255,Fully,O
4256,Funded,O
4257,EPSRC,O
4258,iCASE,O
4259,PhD,O
4260,at,O
4261,Swansea,O
4262,:,O
4263,A,O
4264,new,O
4265,computational,O
4266,tool,O
4267,https://t.co/HD2RaWsOWs,B-B-Link
4268,,
4269,Fully,O
4270,-,O
4271,funded,O
4272,PhD,O
4273,International,O
4274,Studentships,O
4275,in,O
4276,Laser,B-B-Field
4277,Spectrometry,B-I-Field
4278,Development,B-I-Field
4279,for,O
4280,Carbon,O
4281,-,O
4282,14,O
4283,Analysis,O
4284,https://t.co/KWJhBMG3tf,B-B-Link
4285,,
4286,An,O
4287,exciting,O
4288,opportunity,O
4289,for,O
4290,a,O
4291,teacher,O
4292,(,O
4293,early,O
4294,years,O
4295,to,O
4296,further,O
4297,and,O
4298,higher,O
4299,education,O
4300,),O
4301,to,O
4302,undertake,O
4303,a,O
4304,fully,O
4305,funded,O
4306,full,O
4307,-,O
4308,time,O
4309,PhD,O
4310,@DCU_IoE,B-B-Univ
4311,.,O
4312,Join,O
4313,a,O
4314,fabulous,O
4315,cohort,O
4316,of,O
4317,@DCU_IoE_PGSR,O
4318,and,O
4319,be,O
4320,supervised,O
4321,by,O
4322,expert,O
4323,researchers,O
4324,in,O
4325,your,O
4326,chosen,O
4327,area,O
4328,.,O
4329,See,O
4330,https://t.co/dt8bBdI9Ki,B-B-Link
4331,for,O
4332,details,O
4333,https://t.co/VnIjZodk3I,B-B-Link
4334,,
4335,Two,O
4336,fully,O
4337,funded,O
4338,Creative,B-B-Field
4339,Technology,B-I-Field
4340,PhD,O
4341,studentships,O
4342,at,O
4343,@UWEBristol,B-B-Univ
4344,in,O
4345,collaboration,O
4346,with,O
4347,@DrakeMusicRandD,O
4348,@mimu_gloves,O
4349,üôå,O
4350,üëáüèø,O
4351,,
4352,Two,O
4353,fully,O
4354,funded,O
4355,Creative,B-B-Field
4356,Technology,B-I-Field
4357,PhD,O
4358,studentships,O
4359,at,O
4360,UWE,B-B-Univ
4361,-,O
4362,please,O
4363,RT,O
4364,@UWE_CSCT,O
4365,@UWECTLab,B-B-Lab
4366,@UWE_Business,O
4367,Further,O
4368,info,O
4369,:,O
4370,https://t.co/zsNPxeCIrl,B-B-Link
4371,1/4,O
4372,,
4373,Fully,O
4374,funded,O
4375,PhD,O
4376,fellowship,O
4377,opportunity,O
4378,@dcu,B-B-Univ
4379,.,O
4380,The,O
4381,Michael,O
4382,Jordan,O
4383,fellowship,O
4384,is,O
4385,now,O
4386,open,O
4387,.,O
4388,Please,O
4389,let,O
4390,me,O
4391,know,O
4392,if,O
4393,interested,O
4394,in,O
4395,researching,O
4396,Autism,B-B-Field
4397,or,B-I-Field
4398,Inclusive,B-I-Field
4399,Education,B-I-Field
4400,#edchatie,O
4401,#inclusion,O
4402,#phd,O
4403,https://t.co/lIyJ2DUh3E,B-B-Link
4404,,
4405,Fully,O
4406,-,O
4407,funded,O
4408,PhD,O
4409,in,O
4410,Mechanical,B-B-Field
4411,Engineering,B-I-Field
4412,at,O
4413,the,O
4414,University,B-B-Univ
4415,of,B-I-Univ
4416,Rhode,B-I-Univ
4417,Island,B-I-Univ
4418,starting,O
4419,Fall,O
4420,2021,O
4421,/,O
4422,Spring,O
4423,2022,O
4424,.,O
4425,Send,O
4426,ONE,O
4427,.,O
4428,pdf,O
4429,file,O
4430,of,O
4431,your,O
4432,C,O
4433,.,O
4434,V,O
4435,.,O
4436,",",O
4437,a,O
4438,letter,O
4439,of,O
4440,motivation,O
4441,and,O
4442,research,O
4443,interest,O
4444,(,O
4445,one,O
4446,page,O
4447,),O
4448,",",O
4449,and,O
4450,two,O
4451,references,O
4452,to,O
4453,Dr,O
4454,.,O
4455,Lin,O
4456,(,O
4457,yanglin@uri.edu,O
4458,),O
4459,.,O
4460,https://t.co/zAxpIeroq5,B-B-Link
4461,(,O
4462,1,O
4463,/,O
4464,n,O
4465,),O
4466,https://t.co/NhBr8O0UnN,B-B-Link
4467,,
4468,Thinking,O
4469,about,O
4470,a,O
4471,PhD,O
4472,in,O
4473,Nursing,B-B-Field
4474,or,B-I-Field
4475,Midwifery,B-I-Field
4476,?,O
4477,Come,O
4478,learn,O
4479,more,O
4480,about,O
4481,our,O
4482,fully,O
4483,funded,O
4484,for,O
4485,4,O
4486,years,O
4487,program,O
4488,@NYUNursing,B-B-Univ
4489,on,O
4490,Thursday,O
4491,June,O
4492,24,O
4493,@,O
4494,11,O
4495,a,O
4496,EST,O
4497,.,O
4498,Register,O
4499,here,O
4500,:,O
4501,https://t.co/zsTY5qeCd7,B-B-Link
4502,#nurses,O
4503,#nursing,O
4504,#midwifery,O
4505,#nursepractitioner,O
4506,,
4507,We,O
4508,have,O
4509,two,O
4510,fully,O
4511,funded,O
4512,PhD,O
4513,positions,O
4514,available,O
4515,in,O
4516,our,O
4517,new,O
4518,theoretical,O
4519,chemistry,O
4520,lab,O
4521,at,O
4522,the,O
4523,@RWTH,B-B-Lab
4524,!,O
4525,We,O
4526,are,O
4527,looking,O
4528,for,O
4529,motivated,O
4530,candidates,O
4531,with,O
4532,interest,O
4533,in,O
4534,electronic,B-B-Field
4535,structure,B-I-Field
4536,or,B-I-Field
4537,ML,B-I-Field
4538,method,B-I-Field
4539,development,B-I-Field
4540,.,O
4541,For,O
4542,more,O
4543,information,O
4544,see,O
4545,:,O
4546,https://t.co/9PK62iUCtx,B-B-Link
4547,#CompChemJobs,O
4548,#ChemJobs,O
4549,,
4550,We,O
4551,are,O
4552,looking,O
4553,for,O
4554,a,O
4555,motivated,O
4556,PhD,O
4557,candidate,O
4558,in,O
4559,Materials,B-B-Field
4560,Chemistry,B-I-Field
4561,at,O
4562,Aarhus,B-B-Univ
4563,University,B-I-Univ
4564,-,O
4565,-,O
4566,A,O
4567,fully,O
4568,funded,O
4569,PhD,O
4570,position,O
4571,.,O
4572,Application,O
4573,deadline,O
4574,:,O
4575,August,B-B-Deadline
4576,1,B-I-Deadline
4577,",",B-I-Deadline
4578,2021,B-I-Deadline
4579,.,O
4580,https://t.co/iqrjVcqMqL,B-B-Link
4581,https://t.co/ztcCkBPiNP,B-B-Link
4582,,
4583,Fully,O
4584,funded,O
4585,PhD,O
4586,available,O
4587,with,O
4588,Prof,O
4589,Margaret,O
4590,Lucas,O
4591,and,O
4592,me,O
4593,-,O
4594,deadline,O
4595,for,O
4596,applications,O
4597,27th,B-B-Deadline
4598,August,B-I-Deadline
4599,",",O
4600,for,O
4601,a,O
4602,start,O
4603,in,O
4604,October,O
4605,2021,O
4606,.,O
4607,Contact,O
4608,me,O
4609,if,O
4610,you,O
4611,want,O
4612,more,O
4613,information,O
4614,!,O
4615,https://t.co/SznU5DgCUg,B-B-Link
4616,,
4617,@CovUni_CSM,B-B-Univ
4618,‚Äô,O
4619,s,O
4620,fully,O
4621,funded,O
4622,#PhD,O
4623,",",O
4624,sponsored,O
4625,by,O
4626,@Maplesoft,O
4627,",",O
4628,seeks,O
4629,to,O
4630,embed,O
4631,#MachineLearning,B-B-Topic
4632,technology,B-I-Topic
4633,within,B-I-Topic
4634,the,B-I-Topic
4635,core,B-I-Topic
4636,symbolic,B-I-Topic
4637,routines,B-I-Topic
4638,of,B-I-Topic
4639,Maplesoft,B-I-Topic
4640,‚Äô,B-I-Topic
4641,s,B-I-Topic
4642,computer,B-I-Topic
4643,algebra,B-I-Topic
4644,system,B-I-Topic
4645,.,O
4646,Deadline,O
4647,:,O
4648,13,B-B-Deadline
4649,September,B-I-Deadline
4650,2021,B-I-Deadline
4651,Find,O
4652,out,O
4653,more,O
4654,and,O
4655,apply,O
4656,:,O
4657,https://t.co/Xd8z1MyzFB,B-B-Link
4658,#CovResearch,O
4659,#CovPGR,O
4660,https://t.co/mrHdMXurXB,B-B-Link
4661,,
4662,Applications,O
4663,are,O
4664,invited,O
4665,for,O
4666,a,O
4667,fully,O
4668,funded,O
4669,PhD,O
4670,studentship,O
4671,in,O
4672,the,O
4673,Yusuf,O
4674,-,O
4675,Hamied,O
4676,Department,O
4677,of,O
4678,Chemistry,O
4679,at,O
4680,@Cambridge_Uni,B-B-Univ
4681,",",O
4682,UK,B-B-Country
4683,.,O
4684,The,O
4685,project,O
4686,will,O
4687,involve,O
4688,the,B-B-Topic
4689,development,B-I-Topic
4690,and,B-I-Topic
4691,application,B-I-Topic
4692,of,B-I-Topic
4693,new,B-I-Topic
4694,#Quantum,B-I-Topic
4695,Chemical,B-I-Topic
4696,Ansatzes,B-I-Topic
4697,to,B-I-Topic
4698,be,B-I-Topic
4699,use,B-I-Topic
4700,on,B-I-Topic
4701,Quantum,B-I-Topic
4702,Computers,B-I-Topic
4703,.,O
4704,.,O
4705,.,O
4706,https://t.co/sNPgyWEBzx,B-B-Link
4707,https://t.co/AfdLktxBKS,B-B-Link
4708,,
4709,üí•,O
4710,We,O
4711,are,O
4712,now,O
4713,advertising,O
4714,for,O
4715,fully,O
4716,-,O
4717,funded,O
4718,PhD,O
4719,positions,O
4720,:,O
4721,‚úÖ,O
4722,basic,B-B-Field
4723,science,B-I-Field
4724,with,B-I-Field
4725,direct,B-I-Field
4726,clinical,B-I-Field
4727,translation,B-I-Field
4728,‚úÖ,O
4729,pancreatic,B-B-Field
4730,cancer,B-I-Field
4731,and,B-I-Field
4732,immunomodulation,B-I-Field
4733,‚úÖ,O
4734,next,B-B-Field
4735,generation,B-I-Field
4736,cannabinoid,B-I-Field
4737,therapeutics,B-I-Field
4738,Please,B-I-Field
4739,share,B-I-Field
4740,widely,B-I-Field
4741,and,B-I-Field
4742,contact,B-I-Field
4743,me,B-I-Field
4744,directly,B-I-Field
4745,with,B-I-Field
4746,any,B-I-Field
4747,enquiries,B-I-Field
4748,https://t.co/402TfgzJCj,B-B-Link
4749,,
4750,If,O
4751,you,O
4752,are,O
4753,a,O
4754,trainee,B-B-Field
4755,surgeon,B-I-Field
4756,",",B-I-Field
4757,gastroenterologist,B-I-Field
4758,or,B-I-Field
4759,oncologist,B-I-Field
4760,and,O
4761,want,O
4762,to,O
4763,do,O
4764,a,O
4765,fully,O
4766,funded,O
4767,PhD,O
4768,@ImperialSandC,O
4769,focused,O
4770,on,O
4771,evaluating,B-B-Topic
4772,next,B-I-Topic
4773,generation,B-I-Topic
4774,therapeutic,B-I-Topic
4775,cannabinoids,B-I-Topic
4776,in,B-I-Topic
4777,pancreatic,B-I-Topic
4778,cancer,B-I-Topic
4779,you,O
4780,are,O
4781,in,O
4782,luck,O
4783,.,O
4784,.,O
4785,üíä,O
4786,ü©∫,O
4787,We,O
4788,are,O
4789,now,O
4790,recruiting,O
4791,!,O
4792,https://t.co/BP9BiTkqVJ,B-B-Link
4793,Please,O
4794,share,O
4795,,
4796,PhD,O
4797,Opportunity,O
4798,:,O
4799,Bio,B-B-Field
4800,-,B-I-Field
4801,based,B-I-Field
4802,Coalescing,B-I-Field
4803,Aids,B-I-Field
4804,for,O
4805,Paints,O
4806,and,O
4807,Coatings,O
4808,with,O
4809,@GreenChemYork,O
4810,&,O
4811,amp,O
4812,;,O
4813,@Synthomer_Group,O
4814,fully,O
4815,funded,O
4816,for,O
4817,3.5,O
4818,yrs,O
4819,(,O
4820,for,O
4821,students,O
4822,eligible,O
4823,for,O
4824,UK,O
4825,home,O
4826,rates,O
4827,),O
4828,",",O
4829,apply,O
4830,now,O
4831,.,O
4832,https://t.co/1DeaPOYGX3,B-B-Link
4833,,
4834,Time,O
4835,is,O
4836,running,O
4837,out,O
4838,to,O
4839,apply,O
4840,!,O
4841,@LSHTM,B-B-Univ
4842,invites,O
4843,applications,O
4844,from,O
4845,candidates,O
4846,from,O
4847,Sub,O
4848,-,O
4849,Saharan,O
4850,Africa,O
4851,for,O
4852,fully,O
4853,-,O
4854,funded,O
4855,4,O
4856,-,O
4857,year,O
4858,PhD,O
4859,studentships,O
4860,to,O
4861,start,O
4862,on,O
4863,3,O
4864,January,O
4865,2022,O
4866,.,O
4867,Info,O
4868,:,O
4869,https://t.co/6pd6s5VQF2,B-B-Link
4870,|,O
4871,@UCTHealthSci,O
4872,@UCT_SPHFM,O
4873,https://t.co/dqdU8cqXir,B-B-Link
4874,,
4875,üì¢,O
4876,üì¢,O
4877,üì¢,O
4878,We,O
4879,are,O
4880,hiring,O
4881,!,O
4882,Fully,O
4883,funded,O
4884,PhD,O
4885,position,O
4886,in,O
4887,my,O
4888,theoretical,B-B-Field
4889,physics,B-I-Field
4890,group,O
4891,at,O
4892,@unidue,B-B-Univ
4893,",",O
4894,supported,O
4895,by,O
4896,the,O
4897,@grk2376,O
4898,Interested,O
4899,in,O
4900,investigating,B-B-Topic
4901,the,B-I-Topic
4902,excited,B-I-Topic
4903,-,B-I-Topic
4904,state,B-I-Topic
4905,electronic,B-I-Topic
4906,structure,B-I-Topic
4907,of,B-I-Topic
4908,molecules,B-I-Topic
4909,in,B-I-Topic
4910,confinement,B-I-Topic
4911,?,O
4912,Please,O
4913,apply,O
4914,!,O
4915,https://t.co/fSfgHrXfH3,B-B-Link
4916,#CompChemJobs,O
4917,#ChemJobs,O
4918,,
4919,Fantastic,O
4920,fully,O
4921,funded,O
4922,PhD,O
4923,opportunity,O
4924,with,O
4925,@DrLawrenceHayes,O
4926,@UniWestScotland,B-B-Univ
4927,tracking,B-B-Topic
4928,multiple,B-I-Topic
4929,sclerosis,B-I-Topic
4930,symptoms,B-I-Topic
4931,and,B-I-Topic
4932,physical,B-I-Topic
4933,activity,B-I-Topic
4934,using,B-I-Topic
4935,an,B-I-Topic
4936,mHealth,B-I-Topic
4937,approach,B-I-Topic
4938,details,O
4939,as,O
4940,follows,O
4941,:,O
4942,https://t.co/IS9bg6miSZ,B-B-Link
4943,),O
4944,.,O
4945,A,O
4946,2,O
4947,:,O
4948,i,O
4949,undergraduate,O
4950,qualification,O
4951,in,O
4952,a,O
4953,relevant,O
4954,subject,O
4955,is,O
4956,required,O
4957,.,O
4958,,
4959,*,O
4960,Final,O
4961,week,O
4962,*,O
4963,for,O
4964,STEM,O
4965,grads,O
4966,to,O
4967,apply,O
4968,to,O
4969,this,O
4970,fully,O
4971,funded,O
4972,PhD,O
4973,scholarship,O
4974,(,O
4975,open,O
4976,to,O
4977,pre,O
4978,-,O
4979,settled,O
4980,EU,O
4981,or,O
4982,UK,O
4983,/,O
4984,Irish,O
4985,residents,O
4986,),O
4987,in,O
4988,#materials,O
4989,with,O
4990,@jqfonseca,O
4991,and,O
4992,Philip,O
4993,Withers,O
4994,@OfficialUoM,B-B-Univ
4995,in,O
4996,@RoyceInstitute,O
4997,and,O
4998,collaborating,O
4999,closely,O
5000,with,O
5001,@Element,O
5002,.,O
5003,Please,O
5004,RT,O
5005,.,O
5006,https://t.co/8dU4zfdQY9,B-B-Link
5007,,
5008,PhD,O
5009,position,O
5010,fully,O
5011,funded,O
5012,in,O
5013,Plant,B-B-Field
5014,RNA,B-I-Field
5015,Biotechnology,B-I-Field
5016,",",O
5017,University,B-B-Univ
5018,of,B-I-Univ
5019,Copenhagen,B-I-Univ
5020,#BioTechnology,B-B-Field
5021,#biotech,O
5022,via,O
5023,https://t.co/YJATIVbljI,B-B-Link
5024,https://t.co/vbK5MYfkvM,B-B-Link
5025,,
5026,Hurry,O
5027,!,O
5028,Last,O
5029,remaining,O
5030,Sept,B-B-Deadline
5031,2021,B-I-Deadline
5032,places,O
5033,!,O
5034,Apply,O
5035,to,O
5036,do,O
5037,a,O
5038,fully,O
5039,-,O
5040,funded,O
5041,#AI,O
5042,#PhD,O
5043,in,O
5044,computational,B-B-Field
5045,#speech,B-I-Field
5046,processing,B-I-Field
5047,/,B-I-Field
5048,written,B-I-Field
5049,natural,B-I-Field
5050,language,B-I-Field
5051,processing,B-I-Field
5052,(,B-I-Field
5053,#NLP,B-I-Field
5054,/,B-I-Field
5055,#NLProc,B-I-Field
5056,),O
5057,Apply,O
5058,now,O
5059,!,O
5060,Applications,O
5061,assessed,O
5062,on,O
5063,a,O
5064,rolling,O
5065,basis,O
5066,so,O
5067,do,O
5068,n't,O
5069,delay,O
5070,!,O
5071,https://t.co/PoNwTtx756,B-B-Link
5072,#sheffield,O
5073,#cdt,O
5074,https://t.co/gwEVv9bygh,B-B-Link
5075,,
5076,Please,O
5077,RT,O
5078,:,O
5079,Fully,O
5080,-,O
5081,funded,O
5082,PhD,O
5083,in,O
5084,Ultramicroscopy,B-B-Field
5085,at,O
5086,the,O
5087,Trinity,B-B-Univ
5088,College,B-I-Univ
5089,Dublin,B-I-Univ
5090,.,O
5091,If,O
5092,you,O
5093,are,O
5094,interested,O
5095,",",O
5096,please,O
5097,send,O
5098,your,O
5099,CV,O
5100,and,O
5101,cover,O
5102,letter,O
5103,to,O
5104,Prof,O
5105,.,O
5106,Jones,O
5107,(,O
5108,ewys.jones@tcd.ie,O
5109,),O
5110,.,O
5111,Deadline,O
5112,:,O
5113,5pm,B-B-Deadline
5114,Friday,B-I-Deadline
5115,9th,B-I-Deadline
5116,July,B-I-Deadline
5117,.,O
5118,Apply,O
5119,:,O
5120,https://t.co/c3faHBnrgC,B-B-Link
5121,https://t.co/p1JMcf6Ye1,B-B-Link
5122,@Exquisita_lady,O
5123,https://t.co/MaavkbKBqV,B-B-Link
5124,,
5125,Exciting,O
5126,",",O
5127,fully,O
5128,funded,O
5129,PhD,O
5130,position,O
5131,",",O
5132,@cec_lund,O
5133,Lund,B-B-Univ
5134,University,B-I-Univ
5135,@Lundsuni,B-I-Univ
5136,",",O
5137,Sweden,B-B-Country
5138,:,O
5139,Boreal,B-B-Topic
5140,forest,B-I-Topic
5141,recovery,B-I-Topic
5142,after,B-I-Topic
5143,clear,B-I-Topic
5144,-,B-I-Topic
5145,cut,B-I-Topic
5146,or,B-I-Topic
5147,forest,B-I-Topic
5148,fire,B-I-Topic
5149,.,O
5150,Full,O
5151,details,O
5152,:,O
5153,https://t.co/9fJ9WRn3D5,B-B-Link
5154,Please,O
5155,spread,O
5156,to,O
5157,potentially,O
5158,interested,O
5159,students,O
5160,!,O
5161,,
5162,Getting,O
5163,a,O
5164,fully,O
5165,-,O
5166,funded,O
5167,PhD,O
5168,abroad,O
5169,as,O
5170,an,O
5171,international,O
5172,student,O
5173,is,O
5174,no,O
5175,mean,O
5176,feat,O
5177,.,O
5178,When,O
5179,it,O
5180,comes,O
5181,to,O
5182,Biosciences,O
5183,",",O
5184,it,O
5185,could,O
5186,be,O
5187,even,O
5188,more,O
5189,competitive,O
5190,as,O
5191,compared,O
5192,to,O
5193,other,O
5194,STEM,O
5195,fields,O
5196,like,O
5197,Computer,B-B-Field
5198,Science,B-I-Field
5199,",",B-I-Field
5200,Data,B-I-Field
5201,Science,B-I-Field
5202,",",B-I-Field
5203,or,B-I-Field
5204,Engineering,B-I-Field
5205,.,O
5206,https://t.co/9Ejhk08Y2u,B-B-Link
5207,,
5208,Delighted,O
5209,to,O
5210,advertise,O
5211,a,O
5212,fully,O
5213,funded,O
5214,#PhD,O
5215,studentship,O
5216,on,O
5217,the,B-B-Topic
5218,influence,B-I-Topic
5219,of,B-I-Topic
5220,anthropogenic,B-I-Topic
5221,disturbance,B-I-Topic
5222,on,B-I-Topic
5223,seabed,B-I-Topic
5224,functioning,B-I-Topic
5225,.,O
5226,Apply,O
5227,by,O
5228,12,B-B-Deadline
5229,July,B-I-Deadline
5230,2021,B-I-Deadline
5231,https://t.co/QpyOS4pvSl,B-B-Link
5232,,
5233,I,O
5234,have,O
5235,multiple,O
5236,fully,O
5237,funded,O
5238,#PhD,O
5239,#Scholarships,O
5240,at,O
5241,#EmbodiedAI,O
5242,team,O
5243,",",O
5244,CSIRO,O
5245,'s,O
5246,Data,O
5247,61,O
5248,Robotics,O
5249,and,O
5250,Autonomous,O
5251,Systems,O
5252,Group,O
5253,in,O
5254,collaboration,O
5255,with,O
5256,#australianuniversities,O
5257,#QUT,O
5258,#UQ,O
5259,#Monash,O
5260,#ANU,O
5261,Topics,O
5262,are,O
5263,at,O
5264,the,B-B-Topic
5265,Intersection,B-I-Topic
5266,of,B-I-Topic
5267,#robotics,B-I-Topic
5268,and,B-I-Topic
5269,#machinelearning,B-I-Topic
5270,‚Ä¶,O
5271,https://t.co/iOssnBaljD,B-B-Link
5272,,
5273,Potential,O
5274,candidates,O
5275,are,O
5276,invited,O
5277,to,O
5278,apply,O
5279,for,O
5280,a,O
5281,fully,O
5282,funded,O
5283,PhD,O
5284,studentship,O
5285,at,O
5286,the,O
5287,University,B-B-Univ
5288,of,B-I-Univ
5289,Limerick,B-I-Univ
5290,.,O
5291,This,O
5292,exciting,O
5293,opportunity,O
5294,involves,O
5295,research,O
5296,on,O
5297,the,B-B-Topic
5298,development,B-I-Topic
5299,of,B-I-Topic
5300,a,B-I-Topic
5301,sustainable,B-I-Topic
5302,",",B-I-Topic
5303,high,B-I-Topic
5304,-,B-I-Topic
5305,capacity,B-I-Topic
5306,sodium,B-I-Topic
5307,-,B-I-Topic
5308,ion,B-I-Topic
5309,battery,B-I-Topic
5310,from,B-I-Topic
5311,cheap,B-I-Topic
5312,and,B-I-Topic
5313,abundant,B-I-Topic
5314,elements,B-I-Topic
5315,.,O
5316,https://t.co/DSU74mB0bt,B-B-Link
5317,,
5318,Still,O
5319,looking,O
5320,for,O
5321,a,O
5322,fully,O
5323,funded,O
5324,PhD,O
5325,in,O
5326,#CyberSecurity,B-B-Field
5327,?,O
5328,Check,O
5329,this,O
5330,out,O
5331,.,O
5332,Deadline,O
5333,July,B-B-Deadline
5334,1,B-I-Deadline
5335,",",B-I-Deadline
5336,2021,B-I-Deadline
5337,https://t.co/j4UGjJr5HE,B-B-Link
5338,,
5339,üì¢,O
5340,Fully,O
5341,funded,O
5342,ESRC,O
5343,studentship,O
5344,at,O
5345,@UBSportExR,O
5346,with,O
5347,@BEPvoice,O
5348,for,O
5349,anyone,O
5350,wanting,O
5351,to,O
5352,do,O
5353,a,O
5354,PhD,O
5355,in,O
5356,physical,B-B-Field
5357,activity,B-I-Field
5358,&,O
5359,amp,O
5360,;,O
5361,mental,B-B-Topic
5362,health,B-I-Topic
5363,in,B-I-Topic
5364,adolescents,B-I-Topic
5365,from,B-I-Topic
5366,socio,B-I-Topic
5367,-,B-I-Topic
5368,economically,B-I-Topic
5369,disadvantaged,B-I-Topic
5370,BAMER,B-I-Topic
5371,communities,B-I-Topic
5372,:,O
5373,https://t.co/pqX6e7piHf,B-B-Link
5374,Please,O
5375,RT,O
5376,.,O
5377,@unibirmingham,B-B-Univ
5378,@JetVvanZanten,O
5379,@SPAEHJobs,O
5380,,
5381,PhD,O
5382,position,O
5383,fully,O
5384,funded,O
5385,in,O
5386,Plant,B-B-Field
5387,RNA,B-I-Field
5388,Biotechnology,B-I-Field
5389,",",O
5390,University,B-B-Univ
5391,of,B-I-Univ
5392,Copenhagen,B-I-Univ
5393,https://t.co/EzhNQ6pC9Z,B-B-Link
5394,,
5395,*,O
5396,Funded,O
5397,PhD,O
5398,Opportunity,O
5399,*,O
5400,Exciting,O
5401,opportunity,O
5402,to,O
5403,complete,O
5404,a,O
5405,fully,O
5406,funded,O
5407,PhD,O
5408,@Carnegie_Sport,O
5409,whilst,O
5410,supporting,O
5411,the,O
5412,nutritional,O
5413,practices,O
5414,of,O
5415,an,O
5416,elite,O
5417,football,O
5418,academy,O
5419,@LUFC,O
5420,‚öΩ,O
5421,Ô∏è,O
5422,üçé,O
5423,üçå,O
5424,ü•¶,O
5425,üçû,O
5426,ü•ô,O
5427,ü•ò,O
5428,ü•©,O
5429,üç≥,O
5430,üóì,O
5431,Closing,O
5432,date,O
5433,:,O
5434,21st,B-B-Deadline
5435,July,B-I-Deadline
5436,Please,O
5437,RT,O
5438,and,O
5439,share,O
5440,https://t.co/Hk6tyyrY3i,B-B-Link
5441,https://t.co/4syTvXkOnP,B-B-Link
5442,,
5443,FULLY,O
5444,FUNDED,O
5445,PhD,O
5446,opportunity,O
5447,with,O
5448,Prof,O
5449,@UWSNick,O
5450,and,O
5451,myself,O
5452,:,O
5453,mHealth,B-B-Topic
5454,approaches,B-I-Topic
5455,to,B-I-Topic
5456,promote,B-I-Topic
5457,physical,B-I-Topic
5458,activity,B-I-Topic
5459,and,B-I-Topic
5460,symptom,B-I-Topic
5461,tracking,B-I-Topic
5462,in,B-I-Topic
5463,people,B-I-Topic
5464,with,B-I-Topic
5465,Multiple,B-I-Topic
5466,Sclerosis,B-I-Topic
5467,:,O
5468,https://t.co/dunEju0vT4,B-B-Link
5469,Please,O
5470,RT,O
5471,,
5472,Application,O
5473,deadline,O
5474,for,O
5475,this,O
5476,fully,O
5477,funded,O
5478,PhD,O
5479,is,O
5480,30th,B-B-Deadline
5481,June,B-I-Deadline
5482,2021,B-I-Deadline
5483,.,O
5484,,O
5485,Exploring,B-B-Topic
5486,aspects,B-I-Topic
5487,of,B-I-Topic
5488,social,B-I-Topic
5489,-,B-I-Topic
5490,purpose,B-I-Topic
5491,businesses,B-I-Topic
5492,,O
5493,.,O
5494,Further,O
5495,details,O
5496,here,O
5497,https://t.co/9IadA7mBMl,B-B-Link
5498,#PhD,O
5499,#socialenterprise,B-B-Field
5500,#business,B-I-Field
5501,#research,O
5502,https://t.co/EF9PvXJexx,B-B-Link
5503,,
5504,Leeds,O
5505,United,O
5506,Football,O
5507,Club,O
5508,Academy,O
5509,&,O
5510,amp,O
5511,;,O
5512,the,O
5513,Carnegie,O
5514,School,O
5515,of,O
5516,Sport,O
5517,are,O
5518,looking,O
5519,to,O
5520,recruit,O
5521,to,O
5522,a,O
5523,fully,O
5524,funded,O
5525,PhD,O
5526,studentship,O
5527,:,O
5528,Optimising,B-B-Field
5529,food,B-I-Field
5530,&,O
5531,amp,O
5532,;,O
5533,nutrition,B-B-Topic
5534,education,B-I-Topic
5535,within,B-I-Topic
5536,a,B-I-Topic
5537,professional,B-I-Topic
5538,football,B-I-Topic
5539,academy,B-I-Topic
5540,:,B-I-Topic
5541,A,B-I-Topic
5542,behavioural,B-I-Topic
5543,science,B-I-Topic
5544,approach,B-I-Topic
5545,Find,O
5546,out,O
5547,more,O
5548,&,O
5549,amp,O
5550,;,O
5551,apply,O
5552,https://t.co/l26mJR2SuF,B-B-Link
5553,https://t.co/GSpsQgWrlE,B-B-Link
5554,,
5555,2,O
5556,fully,O
5557,-,O
5558,funded,O
5559,CreativeTec,O
5560,PhD,O
5561,Studentships,O
5562,@UWEBristol,B-B-Univ
5563,Further,O
5564,Info,O
5565,:,O
5566,https://t.co/AIFXPOhl2y,B-B-Link
5567,(,O
5568,1/3,O
5569,),O
5570,,
5571,Leeds,O
5572,United,O
5573,Football,O
5574,Club,O
5575,Academy,O
5576,&,O
5577,amp,O
5578,;,O
5579,Carnegie,O
5580,School,O
5581,of,O
5582,Sport,O
5583,-,O
5584,fully,O
5585,funded,O
5586,PhD,O
5587,studentship,O
5588,.,O
5589,Project,O
5590,:,O
5591,Optimising,B-B-Topic
5592,food,B-I-Topic
5593,and,B-I-Topic
5594,nutrition,B-I-Topic
5595,education,B-I-Topic
5596,within,B-I-Topic
5597,a,B-I-Topic
5598,professional,B-I-Topic
5599,football,B-I-Topic
5600,academy,B-I-Topic
5601,:,B-I-Topic
5602,A,B-I-Topic
5603,behavioural,B-I-Topic
5604,science,B-I-Topic
5605,approach,B-I-Topic
5606,PhD,O
5607,opportunity,O
5608,on,O
5609,@FindAPhD,O
5610,:,O
5611,https://t.co/mLSfLnTtLs,B-B-Link
5612,,
5613,Fully,O
5614,funded,O
5615,PhD,O
5616,position,O
5617,at,O
5618,the,O
5619,Drexel,B-B-Univ
5620,University,B-I-Univ
5621,",",O
5622,USA,B-B-Country
5623,.,O
5624,Get,O
5625,in,O
5626,touch,O
5627,with,O
5628,your,O
5629,well,O
5630,-,O
5631,tailored,O
5632,CVs,O
5633,.,O
5634,EMAIL,O
5635,smay@drexel.edu,O
5636,https://t.co/UtwIBxhACl,B-B-Link
5637,https://t.co/oEaBFm6tr9,B-B-Link
5638,https://t.co/WvotArZ9an,B-B-Link
5639,https://t.co/bh29q98azG,B-B-Link
5640,,
5641,üì£,O
5642,Fully,O
5643,funded,O
5644,PhD,O
5645,position,O
5646,!,O
5647,#histmed,O
5648,#STS,O
5649,#histsci,O
5650,The,B-B-Lab
5651,Dry,B-I-Lab
5652,Antibiotic,B-I-Lab
5653,Pipeline,B-I-Lab
5654,and,B-I-Lab
5655,the,B-I-Lab
5656,Global,B-I-Lab
5657,Policy,B-I-Lab
5658,Laboratory,B-I-Lab
5659,(,O
5660,1980-2010,O
5661,),O
5662,deadline,O
5663,extended,O
5664,to,O
5665,June,B-B-Deadline
5666,30,B-I-Deadline
5667,!,O
5668,Come,O
5669,work,O
5670,w,O
5671,/,O
5672,us,O
5673,@dhvstweets,O
5674,@sage,O
5675,@unistra,B-B-Univ
5676,on,O
5677,the,O
5678,history,O
5679,of,O
5680,antiobiotics,O
5681,!,O
5682,More,O
5683,here,O
5684,https://t.co/AyLsGjc0kz,B-B-Link
5685,#PleaseRT,O
5686,https://t.co/dlQCJYGOVl,B-B-Link
5687,,
5688,Fully,O
5689,funded,O
5690,PhD,O
5691,project,O
5692,!,O
5693,Want,O
5694,to,O
5695,research,O
5696,Gender,B-B-Topic
5697,-,B-I-Topic
5698,diverse,B-I-Topic
5699,youth,B-I-Topic
5700,and,B-I-Topic
5701,citizen,B-I-Topic
5702,equality,B-I-Topic
5703,at,O
5704,@CTSG_Brighton,O
5705,?,O
5706,More,O
5707,info,O
5708,below,O
5709,.,O
5710,Deadline,O
5711,7th,B-B-Deadline
5712,July,B-I-Deadline
5713,!,O
5714,https://t.co/Z8QRdzgHuO,B-B-Link
5715,,
5716,MDC,O
5717,has,O
5718,a,O
5719,PhD,O
5720,program,O
5721,with,O
5722,fully,O
5723,funded,O
5724,positions,O
5725,in,O
5726,Cardiovascular,B-B-Field
5727,/,B-I-Field
5728,metabolic,B-I-Field
5729,diseases,B-I-Field
5730,",",B-I-Field
5731,Cancer,B-I-Field
5732,",",B-I-Field
5733,Neuroscience,B-I-Field
5734,",",B-I-Field
5735,Medical,B-I-Field
5736,systems,B-I-Field
5737,biology,B-I-Field
5738,",",B-I-Field
5739,Clinical,B-I-Field
5740,research,B-I-Field
5741,",",B-I-Field
5742,Data,B-I-Field
5743,science,B-I-Field
5744,and,B-I-Field
5745,AI,B-I-Field
5746,and,B-I-Field
5747,new,B-I-Field
5748,Structural,B-I-Field
5749,Biology,B-I-Field
5750,(,O
5751,in,O
5752,a,O
5753,few,O
5754,groups,O
5755,",",O
5756,inl,O
5757,.,O
5758,ours,O
5759,),O
5760,.,O
5761,Apply,O
5762,before,O
5763,12,B-B-Deadline
5764,July,B-I-Deadline
5765,https://t.co/azTrMfIfPs,B-B-Link
5766,,
5767,Two,O
5768,fully,O
5769,funded,O
5770,PhD,O
5771,positions,O
5772,at,O
5773,the,O
5774,Department,O
5775,of,O
5776,Population,B-B-Field
5777,Health,B-I-Field
5778,Sciences,B-I-Field
5779,",",O
5780,Utrecht,B-B-Univ
5781,University,B-I-Univ
5782,",",O
5783,Netherlands,B-B-Country
5784,.,O
5785,Salary,O
5786,:,O
5787,‚Ç¨,O
5788,"2,395",O
5789,/,O
5790,month,O
5791,Deadline,O
5792,:,O
5793,July,B-B-Deadline
5794,"5,2021",B-I-Deadline
5795,Details,O
5796,:,O
5797,https://t.co/ACnCReW9t2,B-B-Link
5798,https://t.co/knhMOqs48Z,B-B-Link
5799,,
5800,16:00,B-B-Deadline
5801,TODAY,B-I-Deadline
5802,(,B-I-Deadline
5803,Mon,B-I-Deadline
5804,21,B-I-Deadline
5805,June,B-I-Deadline
5806,),O
5807,:,O
5808,last,O
5809,chance,O
5810,to,O
5811,submit,O
5812,application,O
5813,for,O
5814,FULLY,O
5815,FUNDED,O
5816,#PhD,O
5817,place,O
5818,on,O
5819,the,B-B-Topic
5820,application,B-I-Topic
5821,of,B-I-Topic
5822,artificial,B-I-Topic
5823,intelligence,B-I-Topic
5824,to,B-I-Topic
5825,forecast,B-I-Topic
5826,&,B-I-Topic
5827,amp,B-I-Topic
5828,;,B-I-Topic
5829,plan,B-I-Topic
5830,skills,B-I-Topic
5831,&,B-I-Topic
5832,amp,B-I-Topic
5833,;,B-I-Topic
5834,training,B-I-Topic
5835,for,B-I-Topic
5836,the,B-I-Topic
5837,labour,B-I-Topic
5838,market,B-I-Topic
5839,w,O
5840,/,O
5841,@ComputingNapier,O
5842,https://t.co/eAH0VJTM56,B-B-Link
5843,#AI,B-B-Field
5844,#ML,B-I-Field
5845,#PhD,O
5846,#NLP,B-B-Field
5847,@SocSciScotland,O
5848,Join,O
5849,us,O
5850,!,O
