tweet,O
,
Fully,O
funded,O
PhD,O
in,O
Antarctic,B-B-Field
Holocene,B-B-Field
marine,B-I-Field
geology,B-I-Field
and,B-I-Field
palaeoecology,B-I-Field
https://t.co/C4OWhWMCCf,B-B-Link
,
"	O
Bachelors	O
,	O
Masters	O
,	O
PhD	O
Scholarships	O
in	O
Canada	B-B-Country
2021	O
|	O
Fully	O
Funded	O
https://t.co/faBWbR7EPs	B-B-Link
",O
,
"	O
Fully	O
-	O
funded	O
MSc	O
/	O
PhD	O
position	O
at	O
the	B-B-Univ
University	B-I-Univ
of	B-I-Univ
Haifa	B-I-Univ
,	O
Israel	B-B-Country
Suitable	O
for	O
students	O
with	O
background	O
(	O
&	O
amp	O
;	O
interest	O
)	O
in	O
Microbiology	B-B-Field
,	B-I-Field
Microbial	B-I-Field
Ecology	B-I-Field
,	B-I-Field
Environmental	B-I-Field
toxicology	B-I-Field
&	O
amp	O
;	O
related	O
fields	O
.	O
Please	O
apply	O
üëá	O
https://t.co/V5Evfer2pg	B-B-Link
",O
,
We,O
have,O
3,O
fully,O
funded,O
#PhD,O
positions,O
for,O
a,O
person,O
interested,O
in,O
health,B-B-Field
research,B-I-Field
in,O
the,O
@hrbireland,B-B-Lab
@CARAnetwork1,B-B-Lab
project,O
.,O
Training,O
in,O
the,O
@sphereprogramme,B-B-Lab
.,O
Check,O
out,O
details,O
on,O
our,O
website,O
https://t.co/bljBJ8AldZ,B-B-Link
@drccostelloe,O
@mathieudaquin,O
@AjayOza_Actual,O
@ResearchatNUIG,O
https://t.co/B9wnS0i1RQ,B-B-Link
,
"	O
Fully	O
-	O
funded	O
Creative	O
Technology	O
PhD	O
Studentship	O
available	O
at	O
UWE	B-B-Univ
Bristol	B-I-Univ
in	B-I-Univ
the	B-I-Univ
UK	B-B-Country
:	O
Research	O
question	O
:	O
Can	B-B-Topic
generative	B-I-Topic
,	B-I-Topic
evolutionary	B-I-Topic
and	B-I-Topic
procedural	B-I-Topic
design	B-I-Topic
methods	B-I-Topic
be	B-I-Topic
used	B-I-Topic
to	B-I-Topic
rapidly	B-I-Topic
prototype	B-I-Topic
bespoke	B-I-Topic
and	B-I-Topic
expressive	B-I-Topic
Accessible	B-I-Topic
Digital	B-I-Topic
Musical	B-I-Topic
Instruments	B-I-Topic
?	B-I-Field
https://t.co/eZzfUv2gvz	B-B-Link
",O
,
"	O
New	O
PhD	O
position	O
at	O
@EatingLab_SBG	B-B-Lab
-	O
if	O
you	O
like	O
EMA	O
,	O
know	O
some	O
R	O
and	O
are	O
interested	O
in	O
digital	B-B-Field
behavioral	B-I-Field
interventions	B-I-Field
,	O
you	O
really	O
should	O
apply	O
.	O
The	O
position	O
is	O
fully	O
funded	O
for	O
4	O
years	O
.	O
Details	O
:	O
https://t.co/EYxZ0sYY6C	B-B-Link
",O
,
"	O
Apply	O
to	O
the	O
PhD	O
in	O
Economics	B-B-Field
and	B-I-Field
Finance	B-I-Field
in	O
Italy	B-B-Country
(	O
Fully	O
-	O
funded	O
)	O
Four	O
students	O
will	O
be	O
awarded	O
a	O
four	O
-	O
year	O
#scholarship	O
paying	O
a	O
gross	O
income	O
of	O
‚Ç¨	O
15.343,28	O
per	O
year	O
.	O
Read	O
more	O
and	O
apply	O
:	O
https://t.co/rcYg2xP6WA	B-B-Link
#highereducation	O
#studyabroad	O
#phd	O
",O
,
Apply,O
to,O
the,O
PhD,O
in,O
Economics,B-B-Field
and,B-I-Field
Finance,B-I-Field
in,O
Italy,B-B-Country
(,O
Fully,O
-,O
funded,O
),O
Read,O
more,O
and,O
apply,O
:,O
https://t.co/rcYg2xP6WA,B-B-Link
#highereducation,O
#studyabroad,O
#phd,O
,
The,O
Dawes,O
Centre,O
for,O
Future,O
Crimes,O
@UCLCrimeScience,B-B-Lab
are,O
offering,O
a,O
fully,O
funded,O
PhD,O
in,O
,O
Developing,B-B-Topic
an,B-I-Topic
intervention,B-I-Topic
to,B-I-Topic
protect,B-I-Topic
older,B-I-Topic
people,B-I-Topic
from,B-I-Topic
cybercrime',B-I-Topic
with,O
@ClaudiaACooper1,O
@__kartikeya,O
.,O
Comes,O
with,O
an,O
annual,O
stipend,O
of,O
¬£,O
20,O
k,O
.,O
Apply,O
by,O
12,B-B-Deadline
July,B-I-Deadline
!,O
https://t.co/lOyhGTYbqs,B-B-Link
,
"	O
Fully	O
-	O
funded	O
PhD	O
Studentship	O
-	O
Heritage	O
Consortium	O
/	O
NECAH	O
at	O
Bradford	O
SCHOLARSHIP	O
IN	O
UK	B-B-Country
University	B-B-Univ
of	B-I-Univ
Bradford	B-I-Univ
The	B-B-Field
School	B-I-Field
of	B-I-Field
Archaeology	B-I-Field
and	B-I-Field
Forensic	B-I-Field
Sciences	B-I-Field
,	O
University	B-B-Univ
of	B-I-Univ
Bradford	B-I-Univ
invites	B-I-Univ
high	B-I-Univ
-	O
quality	O
proposals	O
from	O
applicants	O
for	O
a	O
PhD	O
studentship	O
https://t.co/ZHtNo9YbK0	B-B-Link
",O
,
"	O
Truly	O
fantastic	O
opportunity	O
here	O
:	O
fully	O
funded	O
interdisciplinary	O
PhD	O
on	O
cybercrime	B-B-Topic
against	B-I-Topic
older	B-I-Topic
people	B-I-Topic
.	O
Such	O
an	O
important	O
topic	O
.	O
And	O
with	O
brilliant	O
,	O
thoughtful	O
and	O
supportive	O
supervisors	O
.	O
Deadline	O
12	B-B-Deadline
July	B-I-Deadline
.	O
",O
,
Exciting,O
fully,O
funded,O
PhD,O
opportunity,O
in,O
our,O
lab,O
studying,O
the,B-B-Topic
effects,B-I-Topic
of,B-I-Topic
novel,B-I-Topic
inhibitors,B-I-Topic
of,B-I-Topic
the,B-I-Topic
mitotic,B-I-Topic
DNA,B-I-Topic
damage,B-I-Topic
checkpoint,B-I-Topic
on,B-I-Topic
NSCLC,B-I-Topic
.,O
Cool,O
new,O
collaboration,O
with,O
@carlsmythe,O
.,O
Please,O
RT,O
https://t.co/tFvVPJ3zyd,B-B-Link
,
Fully,O
funded,O
#phd,O
#studentship,O
projects,O
at,O
@uniofbrighton,B-B-Univ
starting,O
October,O
2021,O
.,O
Help,O
tackle,O
today,O
s,O
global,O
challenges,O
.,O
Deadline,O
7,B-B-Deadline
July,B-I-Deadline
.,O
See,O
our,O
website,O
for,O
details,O
!,O
https://t.co/5ZwcBrNOT4,B-B-Link
@UA_DTA,O
#SDGs,O
https://t.co/c4uIRRNohQ,O
,
Study,O
in,O
a,O
state,O
recognized,O
university,O
in,O
Germany,B-B-Country
with,O
a,O
fully,O
funded,O
Friedrich,O
Ebert,O
Stiftung,O
scholarship,O
.,O
https://t.co/3lW1IkTxqe,B-B-Link
Visit,O
our,O
website,O
https://t.co/5l1kzTp2jv,B-B-Link
for,O
more,O
fully,O
funded,O
master,O
s,O
and,O
PhD,O
scholarships,O
.,O
https://t.co/in4BQ0Rfaz,B-B-Link
,
Funding,O
alert,O
:,O
We,O
are,O
offering,O
a,O
fully,O
funded,O
PhD,O
on,O
cybercrime,B-B-Topic
against,B-I-Topic
older,B-I-Topic
people,B-I-Topic
at,O
The,O
Dawes,O
Centre,O
for,O
Future,O
Crimes,O
!,O
Supervised,O
by,O
Prof,O
Claudia,O
Cooper,O
and,O
me,O
.,O
Comes,O
with,O
an,O
annual,O
stipend,O
of,O
¬£,O
20,O
k,O
.,O
Apply,O
by,O
12,B-B-Deadline
July,B-I-Deadline
@UCLPsychiatry,O
@ClaudiaACooper1,O
https://t.co/1zjpv4YhRV,B-B-Link
,
"	O
RT	O
:	O
if	O
you	O
are	O
interested	O
in	O
a	O
fully	O
funded	O
PhD	O
position	O
at	O
AAU	O
,	O
CPH	O
,	O
send	O
in	O
your	O
inquire	O
to	O
Dr	O
.	O
Peter	O
Axel	O
Nielsen	O
&	O
lt	O
;	O
pan@cs.aau.dk	O
&	O
gt	O
;	O
.	O
https://t.co/mkdvMMUyeS	B-B-Link
Promising	O
candidates	O
in	O
related	O
disciplines	O
,	O
i	O
.	O
e	O
,	O
Information	B-B-Field
systems	B-I-Field
,	B-I-Field
Business	B-I-Field
,	B-I-Field
Economics	B-I-Field
,	B-I-Field
and	B-I-Field
Software	B-I-Field
Engineering	B-I-Field
.	O
",O
,
Applications,O
invited,O
for,O
fully,O
funded,O
PhD,O
position,O
on,O
an,O
interdisciplinary,O
project,O
investigating,B-B-Topic
how,B-I-Topic
human,B-I-Topic
behavior,B-I-Topic
affects,B-I-Topic
animal,B-I-Topic
disease,B-I-Topic
spread,B-I-Topic
.,O
With,O
B,O
.,O
Tarroux,O
and,O
T,O
.,O
Porphyre,O
.,O
Submit,O
application,O
to,O
:,O
thibaud.porphyre@vetagro-sup.fr,O
@GATE_LSE,O
@LbbeLyon,O
https://t.co/aQHseKbYZC,B-B-Link
,
"	O
Fully	O
-	O
funded	O
PhD	O
position	O
at	O
the	O
University	B-B-Univ
of	B-I-Univ
Missouri	B-I-Univ
,	O
USA	B-B-Country
starting	O
September	O
2021	O
.	O
Project	O
related	O
to	O
:	O
Cyber	B-B-Topic
Security	B-I-Topic
Social	B-I-Topic
Virtual	B-I-Topic
Reality	B-I-Topic
Systems	B-I-Topic
Neural	B-I-Topic
Networks	B-I-Topic
or	B-I-Topic
Machine	B-I-Topic
Learning	B-I-Topic
Send	O
an	O
email	O
Ayesha	O
Siddique	O
(	O
ayesha.siddique@mail.missouri.edu	O
)	O
with	O
your	O
resume	O
.	O
https://t.co/3KbC9xpPWd	B-B-Link
",O
,
"	O
3	O
fully	O
-	O
funded	O
PhD	O
positions	O
on	O
6	B-B-Field
G	B-I-Field
Wireless	B-I-Field
Communications	B-I-Field
at	O
SEEMO	O
,	O
TU	B-B-Univ
Darmstadt	B-I-Univ
,	B-I-Univ
Germany	B-B-Country
.	O
Deadline	O
:	O
June	B-B-Deadline
30th	B-I-Deadline
,	B-I-Deadline
2021	B-I-Deadline
Apply	O
:	O
https://t.co/4b2O0BbGrZ.	B-B-Link
‚Ä¶	O
About	O
TU	O
Darmstadt	O
:	O
https://t.co/oFpJDAaKgg	B-B-Link
‚Ä¶	O
https://t.co/diWcdPe5ZO	B-B-Link
",O
,
"	O
Fully	O
-	O
funded	O
PhD	O
position	O
at	O
the	O
University	B-B-Univ
of	B-I-Univ
Texas	B-I-Univ
at	B-I-Univ
Arlington	B-I-Univ
,	O
USA	B-B-Country
starting	O
Fall	O
2021	O
/	O
Spring	O
2022	O
.	O
MSc	O
in	O
Mechanical	B-B-Field
or	B-I-Field
Material	B-I-Field
Science	B-I-Field
Engineering	B-I-Field
is	O
required	O
.	O
If	O
interested	O
,	O
send	O
your	O
CV	O
to	O
Dr	O
.	O
Ameri	O
(	O
amir.ameri@uta.edu	O
)	O
.	O
https://t.co/3TG0Vc6Zps	B-B-Link
‚Ä¶	O
https://t.co/gatNb0QPlN	B-B-Link
",O
,
Fully,O
funded,O
PHD,O
@GeospatialCDT,O
@UniofNewcastle,B-B-Univ
looking,O
at,O
sea,O
-,O
levels,O
sponsored,O
by,O
@UKHO,O
Work,O
with,O
some,O
great,O
people,O
at,O
a,O
great,O
place,O
https://t.co/PQMzzwNxMK,B-B-Link
,
"	O
Fully	O
-	O
funded	O
PhD	O
position	O
available	O
at	O
the	O
School	B-B-Field
of	B-I-Field
Civil	B-I-Field
and	B-I-Field
Environmental	B-I-Field
Engineering	B-I-Field
at	O
the	O
University	B-B-Univ
of	B-I-Univ
New	B-I-Univ
South	B-I-Univ
Wales	B-I-Univ
(	B-I-Univ
UNSW	B-I-Univ
)	B-I-Univ
,	B-I-Univ
Australia	B-I-Univ
.	O
If	O
interested	O
,	O
send	O
your	O
CV	O
and	O
transcripts	O
to	O
Dr	O
.	O
Alamdadri	O
(	O
m.makkialamdari@unsw.edu.au	O
)	O
.	O
https://t.co/kMfOMsiZKW	B-B-Link
",O
,
"	O
Fully	O
-	O
funded	O
PhD	O
positions	O
at	O
the	O
University	B-B-Univ
of	B-I-Univ
Nebraska	B-I-Univ
at	B-I-Univ
Omaha	B-I-Univ
,	B-I-Univ
USA	B-B-Country
starting	O
January	O
2022	O
.	O
If	O
interested	O
,	O
send	O
your	O
CV	O
,	O
undergraduate	O
and	O
graduate	O
(	O
if	O
applicable	O
)	O
transcripts	O
,	O
and	O
TOEFL	O
/	O
IELTS	O
/	O
GRE	O
scores	O
to	O
Dr	O
.	O
Mastorakis	O
(	O
s.mastorakis@unomaha.edu	O
)	O
.	O
https://t.co/IB6P0wgXCf	B-B-Link
‚Ä¶	O
https://t.co/9U8ILjqzqt	B-B-Link
",O
,
"	O
Study	O
-	O
In	O
-	O
Russia	O
:	O
2021	O
Skoltech	O
Scholarships	O
For	O
International	O
Students	O
Host	O
Country	O
:	O
Russia	B-B-Country
Category	O
:	O
Masters	O
|	O
PhD	O
Eligible	O
Country	O
:	O
All	O
Countries	O
Reward	O
:	O
Fully	O
Funded	O
+	O
$	O
6,720	O
-	O
‚Ç¶	O
3,306,000	O
per	O
year	O
Deadline	O
:	O
August	B-B-Deadline
1	B-I-Deadline
,	B-I-Deadline
2021	B-I-Deadline
APPLY	O
üëá	O
https://t.co/EotiYisdwS	B-B-Link
",O
,
"	O
üá©üá™	O
Our	O
#MSCA	O
#ITN	O
includes	O
two	O
fully	O
-	O
funded	O
#PhD	O
projects	O
at	O
University	B-B-Univ
Hospital	B-I-Univ
Essen	B-I-Univ
@UniklinikEssen	B-I-Univ
,	B-I-Univ
Germany	B-B-Country
,	O
working	O
with	O
Dagmar	O
Timmann	O
-	O
Braun	O
.	O
Apply	O
:	O
https://t.co/yyFvgGaTIe	B-B-Link
Project	O
info	O
in	O
thread	O
üëá	O
",O
,
"	O
*	O
Kuwait	O
Government	O
Scholarships	O
2022	O
(	O
Fully	O
Funded	O
)	O
*	O
Details	O
:	O
https://t.co/cagNEqeyFX	B-B-Link
*	O
Bachelors	O
,	O
Masters	O
,	O
and	O
PhD	O
Degree	O
*	O
Programs	O
in	O
Kuwait	B-B-Country
Universities	O
by	O
the	O
Ministry	O
of	O
foreign	O
Affairs	O
#Scholarship	O
#Scholarships	O
#scholarshipform	O
#Scholarships2021	O
#studyabroad	O
",O
,
‚è∞,O
Less,B-B-Deadline
than,B-I-Deadline
a,B-I-Deadline
month,B-I-Deadline
to,O
apply,O
for,O
a,O
fully,O
-,O
funded,O
PhD,O
Studentship,O
in,O
#Youth,B-B-Field
#MentalHealth,B-I-Field
aiming,O
to,O
start,O
in,O
Autumn,O
2021,O
.,O
Details,O
here,O
:,O
https://t.co/ShPTKLhcIk,B-B-Link
,
"	O
Fully	O
-	O
funded	O
PhD	O
positions	O
at	O
the	O
University	B-B-Univ
of	B-I-Univ
Nebraska	B-I-Univ
at	B-I-Univ
Omaha	B-I-Univ
,	B-I-Univ
USA	B-B-Country
starting	O
January	O
2022	O
.	O
If	O
interested	O
,	O
send	O
your	O
CV	O
,	O
undergraduate	O
and	O
graduate	O
(	O
if	O
applicable	O
)	O
transcripts	O
,	O
and	O
TOEFL	O
/	O
IELTS	O
/	O
GRE	O
scores	O
to	O
Dr	O
.	O
Mastorakis	O
(	O
s.mastorakis@unomaha.edu	O
)	O
.	O
https://t.co/NE0WE7Uy8B	B-B-Link
https://t.co/OWhlKeSKrc	B-B-Link
",O
,
Ok,O
‚Ä¶,O
we,O
‚Äô,O
ve,O
just,O
added,O
two,O
more,O
#PhDposition,O
:,O
#MarDATA,O
is,O
no,O
offering,O
11,O
(,O
!,O
!,O
),O
fully,O
funded,O
#PhD,O
positions,O
in,O
#marinedatascience,B-B-Field
#anoceanfullofdata,B-I-Field
#DataScience,B-I-Field
#sciencejobs,B-I-Field
,
"	O
University	B-B-Univ
of	B-I-Univ
#Sydney	B-I-Univ
_	O
Scholarships	O
_	O
2021	O
Fully	O
Funded	O
|	O
BS	O
,	O
MS	O
&	O
amp	O
;	O
PhD	O
Apply	O
:	O
https://t.co/s3UzGIKhBF	B-B-Link
",O
,
"	O
@Peytton	O
@JosueGoAway	O
@Iibrart	O
the	O
majority	O
of	O
APA	O
accredited	O
PHD	O
and	O
PsyD	O
programs	O
are	O
fully	O
funded	O
!	O
!	O
!	O
the	O
best	O
ones	O
comes	O
w	O
full	O
tuition	O
remission	O
(	O
everything	O
free	O
besides	O
books	O
and	O
fees	O
)	O
,	O
a	O
stipend	O
(	O
sometimes	O
$	O
30	O
k	O
per	O
year	O
)	O
,	O
and	O
reduced	O
health	O
insurance	O
.	O
u	O
normally	O
have	O
to	O
be	O
a	O
TA	O
but	O
worth	O
it	O
",O
,
"	O
PhD	O
Opportunity	O
:	O
Bio	B-B-Field
-	B-I-Field
based	B-I-Field
Coalescing	B-I-Field
Aids	B-I-Field
for	B-I-Field
Paints	B-I-Field
and	B-I-Field
Coatings	B-I-Field
with	O
@GreenChemYork	O
&	O
amp	O
;	O
@Synthomer_Group	O
fully	O
funded	O
for	O
3.5	O
yrs	O
(	O
for	O
students	O
eligible	O
for	O
UK	B-B-Country
home	O
rates	O
)	O
,	O
apply	O
now	O
.	O
https://t.co/1DeaPOYGX3	B-B-Link
",O
,
"	O
*	O
600	O
Melbourne	O
University	O
Scholarships	O
Australia	B-B-Country
2021	O
(	O
Fully	O
Funded	O
)	O
*	O
Details	O
:	O
https://t.co/y1M7uuhB8a	B-B-Link
Masters	O
,	O
MPhil	O
,	O
PhD	O
Degree	O
Programs	O
in	O
Melbourne	B-B-Univ
University	B-I-Univ
.	O
The	O
Scholarship	O
Will	O
Cover	O
Full	O
Tuition	O
Fee	O
,	O
Monthly	O
Stipend	O
,	O
Airfare	O
Tickets	O
,	O
Accommodation	O
,	O
Health	O
Insurance	O
,	O
https://t.co/6TYHdnTfl9	B-B-Link
",O
,
Fully,O
-,O
funded,O
#PhD,O
positions,O
in,O
various,B-B-Field
#research,B-I-Field
fields,O
available,O
at,O
@MDC_Berlin,B-B-Lab
in,O
#Germany,B-B-Country
üî•,O
üá©üá™,O
,
"	O
Fully	O
-	O
funded	O
PhD	O
position	O
available	O
at	O
the	O
School	B-B-Field
of	B-I-Field
Civil	B-I-Field
and	B-I-Field
Environmental	B-I-Field
Engineering	B-I-Field
at	O
the	O
University	B-B-Univ
of	B-I-Univ
New	B-I-Univ
South	B-I-Univ
Wales	B-I-Univ
(	B-I-Univ
UNSW	B-I-Univ
)	B-I-Univ
,	O
Australia	B-B-Country
.	O
If	O
interested	O
,	O
send	O
your	O
CV	O
and	O
transcripts	O
to	O
Dr	O
.	O
Alamdadri	O
(	O
m.makkialamdari@unsw.edu.au	O
)	O
.	O
https://t.co/4IxP1KCI1e	B-B-Link
",O
,
Two,O
PhD,O
grants,O
fully,O
funded,O
by,O
the,O
Department,O
of,O
Excellence,O
program,O
of,O
the,O
Italian,O
Ministry,O
of,O
University,O
and,O
Research,O
are,O
available,O
at,O
the,O
Department,B-B-Field
of,B-I-Field
Civil,B-I-Field
Environmental,B-I-Field
and,B-I-Field
Mechanical,B-I-Field
Engineering,B-I-Field
of,O
the,O
University,B-B-Univ
of,B-I-Univ
Trento,B-I-Univ
.,O
T,O
‚Ä¶,O
https://t.co/1rgEiLKuGG,B-B-Link
https://t.co/7ppuaHMWdW,B-B-Link
,
"	O
Fully	O
funded	O
Opportunity	O
:	O
D	O
.	O
Ross	O
Robertson	O
Fellowships	O
for	O
field	O
research	B-B-Field
on	B-I-Field
neotropical	B-I-Field
shore	B-I-Field
-	B-I-Field
fishes	B-I-Field
.	O
This	O
predoctoral	O
fellowship	O
supports	O
PhD	O
students	O
during	O
pilot	O
/	O
exploratory	O
projects	O
,	O
data	O
collection	O
and	O
thesis	O
/	O
dissertation	O
research	O
.	O
Submissions	O
due	O
Sept	B-B-Deadline
15	B-I-Deadline
.	O
Apply	O
üëá	O
https://t.co/1A7HmxelOu	B-B-Link
",O
,
"	O
Fully	O
funded	O
PhD	O
position	O
on	O
Sustainable	B-B-Field
Agriculture	B-I-Field
&	O
amp	O
;	O
Food	B-B-Field
science	B-I-Field
related	O
fields	O
at	O
The	B-B-Univ
University	B-I-Univ
College	B-I-Univ
Dublin	B-I-Univ
(	O
UCD	B-I-Univ
)	B-I-Univ
,	B-I-Univ
Ireland	B-I-Univ
üáÆüá™	O
Apply	O
üëá	O
https://t.co/VqqBfZ0XDT	B-B-Link
Email	O
:	O
Paula.Bourke@dit.ie	O
https://t.co/VSLkLe0M63	B-B-Link
https://t.co/qMJgiiBLCH	B-B-Link
https://t.co/JJGfBu5Zfp	B-B-Link
https://t.co/9OppbZskbB	B-B-Link
",O
,
"	O
Fully	O
-	O
funded	O
PhD	O
Studentship	O
-	O
Heritage	O
Consortium	O
/	O
NECAH	O
at	O
Bradford	O
in	O
UK	O
The	O
School	O
of	O
Archaeology	B-B-Field
and	B-I-Field
Forensic	B-I-Field
Sciences	B-I-Field
,	O
University	B-B-Univ
of	B-I-Univ
Bradford	B-I-Univ
invites	O
high	O
-	O
quality	O
proposals	O
from	O
applicants	O
for	O
a	O
PhD	O
studentship	O
2022	O
,	O
APPLY	O
HERE	O
https://t.co/cDX1PPIsQk	B-B-Link
",O
,
There,O
‚Äô,O
s,O
a,O
great,O
opportunity,O
to,O
undertake,O
a,O
fully,O
funded,O
PhD,O
(,O
ideally,O
qualitative,O
),O
in,O
children,B-B-Field
‚Äô,B-I-Field
s,B-I-Field
pain,B-I-Field
@EHU_FHSCM,O
with,O
me,O
and,O
colleagues,O
https://t.co/taB7id3vnr,B-B-Link
@WeCYPnurses,O
@LineCaes,O
@drabbiejordan,O
@paintoolkit2,O
@EFIC_org,O
@BPSPainEthics,O
@pain,O
,
"	O
Fully	O
-	O
funded	O
PhD	O
position	O
at	O
UBC	B-B-Univ
,	B-I-Univ
Canada	B-B-Country
Suitable	O
for	O
students	O
with	O
background	O
(	O
&	O
amp	O
;	O
interest	O
)	O
in	O
Ecology	B-B-Field
,	B-I-Field
Quantitative	B-I-Field
/	B-I-Field
Statistical	B-I-Field
Ecology	B-I-Field
,	B-I-Field
GIS	B-I-Field
&	O
amp	O
;	O
related	O
fields	O
.	O
Review	O
of	O
applications	O
will	O
start	O
on	O
31	O
August	O
2021	O
Please	O
apply	O
üëá	O
https://t.co/lmQuaOBla5	B-B-Link
",O
,
"	O
Fully	O
funded	O
PhD	O
opportunity	O
on	O
the	O
Spatiotemporal	B-B-Topic
dynamics	B-I-Topic
of	B-I-Topic
wolves	B-I-Topic
in	B-I-Topic
the	B-I-Topic
Alps	B-I-Topic
with	O
me	O
,	O
@MattGeary	O
and	O
Francesca	O
Marucco	O
.	O
Co	O
-	O
financed	O
by	O
https://t.co/BXfV3gsmdr	B-B-Link
and	O
@uochester	B-B-Univ
(	O
Sustainable	O
Futures	O
Studentships	O
)	O
.	O
Apply	O
here	O
:	O
https://t.co/Ws6EseCHe1	B-B-Link
Deadline	O
2nd	B-B-Deadline
July	B-I-Deadline
2021	B-I-Deadline
!	O
https://t.co/xnQkqzNmHq	B-B-Link
",O
,
"	O
2	O
Two	O
Offers	O
of	O
a	O
3	O
years	O
fully	O
funded	O
PhD	O
on	O
Plant	B-B-Field
Sciences	B-I-Field
at	O
INRAe	O
,	O
France	O
https://t.co/W95J2RpwGk	B-B-Link
",O
,
"	O
Highly	O
Paid	O
PhD	O
Scholarship	O
-	O
Bond	B-B-Univ
University	B-I-Univ
Australia	B-B-Country
2021	O
[	O
Fully	O
Funded	O
]	O
Details	O
:	O
https://t.co/vIQ4rrTyoG	B-B-Link
Living	O
allowance	O
of	O
$	O
27,596	O
per	O
annum	O
https://t.co/OEE7RtxgH1	B-B-Link
",O
,
"	O
*	O
Brunei	B-B-Country
Darussalam	B-I-Country
Scholarship	O
2022	O
(	O
Fully	O
Funded	O
)	O
*	O
Details	O
:	O
https://t.co/2PpHYXeLKe	B-B-Link
*	O
Masters	O
,	O
and	O
PhD	O
Degree	O
Scholarship	O
*	O
at	O
the	O
University	B-B-Univ
of	B-I-Univ
Brunei	B-I-Univ
for	O
January	O
2022	O
Intake	O
*	O
#UBDScholarship	O
#BruneiScholarship	O
#Scholarship	O
#Scholarships2021	O
#studyabroad	O
",O
,
"	O
PhD	O
position	O
fully	O
funded	O
in	O
Plant	B-B-Field
RNA	B-I-Field
Biotechnology	B-I-Field
,	O
University	B-B-Univ
of	B-I-Univ
Copenhagen	B-I-Univ
‚Äì	O
Agristok	O
https://t.co/dQaAaq8Ot8	B-B-Link
",O
,
Last,O
few,O
days,O
to,O
apply,O
for,O
this,O
FULLY,O
FUNDED,O
PhD,O
studentship,O
.,O
@UniWestScotland,B-B-Univ
@uwshls,O
,
"	O
The	O
#deadline	O
is	O
only	O
3	B-B-Deadline
weeks	B-I-Deadline
away	B-I-Deadline
now	O
,	O
apply	O
if	O
you	O
‚Äô	O
re	O
#fascinated	O
to	O
join	O
a	O
fully	O
#funded	O
#structured	O
#PhD	O
in	O
#plant	B-B-Field
#science	B-I-Field
to	O
work	O
on	O
#genetic	B-B-Field
#diversity	B-I-Field
and	B-I-Field
#plantpathology	B-I-Field
in	B-I-Field
#multicultural	B-I-Field
#environment	B-I-Field
@teagascforestry	O
@tcddublin	O
#PhDResearcher	O
",O
,
"	O
5	O
Years	O
Fully	O
Funded	O
PhD	O
Position	O
in	O
Molecular	B-B-Field
Plant	B-I-Field
Sciences	B-I-Field
at	O
University	B-B-Univ
of	B-I-Univ
Lausanne	B-I-Univ
,	O
Switzerland	B-B-Country
https://t.co/GnAYLTrqH2	B-B-Link
",O
,
Fully,O
funded,O
PhD,O
Position,O
in,O
Plant,B-B-Field
-,B-I-Field
microbiome,B-I-Field
Interaction,B-I-Field
at,O
University,B-B-Univ
of,B-I-Univ
Amsterdam,B-I-Univ
‚Äì,O
Agristok,O
https://t.co/YYZrisH6LU,B-B-Link
,
"	O
Get	O
Ready	O
for	O
the	O
2756	O
Erasmus	O
Mundus	O
Scholarship	O
2022	O
|	O
Fully	O
Funded	O
Sponsored	O
by	O
:	O
European	O
Union	O
Countries	O
:	O
Europe	O
Funding	O
:	O
Fully	O
Funded	O
Course	O
Level	O
:	O
Masters	O
,	O
PhD	O
Dates	O
:	O
Applications	O
for	O
2022	O
will	O
open	O
in	O
September	O
https://t.co/ykipYhWqUS	B-B-Link
https://t.co/1xdVahCglw	B-B-Link
",O
,
"	O
Fully	O
-	O
funded	O
PhD	O
position	O
at	O
the	O
University	B-B-Univ
of	B-I-Univ
Texas	B-I-Univ
at	B-I-Univ
Arlington	B-I-Univ
,	O
USA	B-B-Country
starting	O
Fall	O
2021	O
/	O
Spring	O
2022	O
.	O
MSc	O
in	O
Mechanical	B-B-Field
or	B-I-Field
Material	B-I-Field
Science	B-I-Field
Engineering	B-I-Field
is	O
required	O
.	O
If	O
interested	O
,	O
send	O
your	O
CV	O
to	O
Dr	O
.	O
Ameri	O
(	O
amir.ameri@uta.edu	O
)	O
.	O
https://t.co/ZHzn9k8MUE	B-B-Link
https://t.co/RVSX6QvnN4	B-B-Link
https://t.co/3nJKu07376	B-B-Link
",O
,
"	O
PhD	O
position	O
fully	O
funded	O
in	O
Plant	B-B-Field
RNA	B-I-Field
Biotechnology	B-I-Field
,	O
University	B-B-Univ
of	B-I-Univ
Copenhagen	B-I-Univ
#BioTech	O
#biotechnology	B-B-Field
via	O
https://t.co/hmIoXfIspy	B-B-Link
https://t.co/8fVD838T2i	B-B-Link
",O
,
‚¨áÔ∏è,O
Pls,O
RT,O
üßê,O
Clinical,O
academic,O
fellowships,O
open,O
and,O
now,O
to,O
AHPs,O
too,O
!,O
Great,O
opp,O
to,O
have,O
fully,O
funded,O
support,O
for,O
a,O
PHD,O
.,O
.,O
üîç,O
if,O
you,O
think,O
this,O
is,O
you,O
think,O
about,O
contacting,O
your,O
local,O
HEI,O
for,O
support,O
.,O
@CSPScot,O
@ScotBoardCSP,O
,
"	O
#PhD	O
scholarship	O
@CanterburyCCUni	B-B-Univ
in	O
#education	B-B-Field
?	O
Deadline	O
extended	O
to	O
30/6	B-B-Deadline
/	B-I-Deadline
21	B-I-Deadline
.	O
Please	O
get	O
in	O
touch	O
if	O
you	O
'd	O
like	O
to	O
talk	O
about	O
this	O
.	O
Fully	O
funded	O
doctorate	O
,	O
or	O
part	O
-	O
time	O
fee	O
waiver	O
available	O
.	O
",O
,
Fully,O
funded,O
PhD,O
Position,O
in,O
Plant,B-B-Field
-,B-I-Field
microbiome,B-I-Field
Interaction,B-I-Field
at,O
University,B-B-Univ
of,B-I-Univ
Amsterdam,B-I-Univ
https://t.co/mMUUolDOub,B-B-Link
,
üéì,O
JOB,O
!,O
!,O
We,O
have,O
a,O
fully,O
-,O
funded,O
PhD,O
position,O
@IFZO_Greifswald,O
in,O
Security,B-B-Topic
Studies,B-I-Topic
with,B-I-Topic
a,B-I-Topic
particular,B-I-Topic
focus,B-I-Topic
on,B-I-Topic
the,B-I-Topic
Baltic,B-I-Topic
Sea,B-I-Topic
region,B-I-Topic
.,O
Details,O
below,O
:,O
https://t.co/s7RPrc0XfM,B-B-Link
,
A,O
fully,O
funded,O
PhD,O
on,O
reducing,B-B-Topic
energy,B-I-Topic
and,B-I-Topic
CO,B-I-Topic
2,B-I-Topic
emissions,B-I-Topic
from,B-I-Topic
glass,B-I-Topic
manufacture,B-I-Topic
with,O
Professor,O
Paul,O
Bingham,O
@sheffhallamuni,O
https://t.co/FSJOiJD6hb,B-B-Link
,
Great,O
opportunity,O
for,O
a,O
teacher,O
to,O
undertake,O
a,O
fully,O
funded,O
PhD,O
@DCU_IoE,B-B-Univ
for,O
more,O
information,O
or,O
if,O
you,O
think,O
you,O
may,O
be,O
interested,O
just,O
private,O
message,O
and,O
I,O
d,O
be,O
happy,O
to,O
help,O
,
Fully,O
-,O
funded,O
PhD,O
Studentship,O
at,O
UWE,B-B-Univ
to,O
Co,O
-,O
Design,B-B-Field
Accessible,B-I-Field
Digital,B-I-Field
Musical,B-I-Field
Instruments,B-I-Field
with,O
@mimu_gloves,O
and,O
@DrakeMusic,O
Application,O
deadline,O
:,O
1st,B-B-Deadline
July,B-I-Deadline
2021,B-I-Deadline
more,O
info,O
here,O
:,O
https://t.co/axogKna1ZY,B-B-Link
@UWE_CSCT,O
@UWECTLab,B-B-Lab
@UWE_Business,O
,
"	O
üá¨üáß	O
Our	O
#MSCA	O
#ITN	O
includes	O
two	O
fully	O
-	O
funded	O
#PhD	O
projects	O
at	O
University	B-B-Univ
of	B-I-Univ
Bristol	B-I-Univ
,	O
UK	B-B-Country
,	O
working	O
with	O
Richard	O
Apps	O
.	O
Apply	O
:	O
https://t.co/yyFvgGaTIe	B-B-Link
Project	O
info	O
in	O
thread	O
üëá	O
",O
,
"	O
Fully	O
-	O
funded	O
PhD	O
position	O
at	O
the	O
Dept	O
.	O
of	O
Civil	O
Engineering	O
-	O
University	B-B-Univ
of	B-I-Univ
Manitoba	B-I-Univ
,	O
Canada	B-B-Country
starting	O
Winter	O
2022	O
for	O
students	O
with	O
background	O
in	O
Comp	B-B-Field
.	B-I-Field
Science	B-I-Field
and	B-I-Field
Electrical	B-I-Field
Engineering	B-I-Field
.	O
Please	O
send	O
your	O
CV	O
and	O
cover	O
letter	O
to	O
Dr	O
.	O
Mehran	O
(	O
babak.mehran@umanitoba.ca	O
)	O
.	O
https://t.co/atMFMVGzO7	B-B-Link
",O
,
"	O
Fully	O
-	O
funded	O
PhD	O
Studentships	O
in	O
the	O
Faculty	B-B-Field
of	B-I-Field
Business	B-I-Field
and	B-I-Field
Law	B-I-Field
at	O
The	B-B-Univ
Open	B-I-Univ
University	B-I-Univ
UK	B-B-Country
üá¨üáß	O
Covers	O
:	O
*	O
Full	O
tuition	O
for	O
both	O
domestic	O
&	O
amp	O
;	O
international	O
students	O
*	O
Annual	O
stipend	O
:	O
¬£	O
15,544	O
(	O
circa	O
)	O
Deadline	O
:	O
13th	B-B-Deadline
July	B-I-Deadline
2021	B-I-Deadline
https://t.co/X4LhEr9xRI	B-B-Link
https://t.co/2qoQjCcY4S	B-B-Link
",O
,
Interested,O
in,O
a,O
fully,O
funded,O
#PhD,O
as,O
part,O
of,O
the,O
EPSRC,O
CDT,O
in,O
Molecules,B-B-Field
to,B-I-Field
Product,B-I-Field
?,O
Last,O
few,O
days,O
to,O
apply,O
-,O
submit,O
applications,O
by,O
Monday,B-B-Deadline
28th,B-I-Deadline
June,B-I-Deadline
!,O
https://t.co/U8aQnqRJBM,B-B-Link
,
Fully,O
funded,O
PhD,O
studentship,O
(,O
UK,O
stipend,O
+,O
fees,O
),O
for,O
mathematical,B-B-Field
modelling,B-I-Field
of,B-I-Field
soil,B-I-Field
and,B-I-Field
porous,B-I-Field
media,B-I-Field
;,O
please,O
share,O
and,O
apply,O
to,O
come,O
and,O
join,O
our,O
team,O
#phd,O
#phdfunding,O
https://t.co/rmvo6j01Xf,B-B-Link
https://t.co/dX858WRtWQ,B-B-Link
,
"	O
18	O
fully	O
funded	O
PhD	O
position	O
at	O
@humantechnopole	B-B-Lab
-	O
including	O
two	O
in	O
our	O
research	O
centre	O
focusing	O
on	O
complex	B-B-Field
traits	B-I-Field
in	O
our	O
lab	O
,	O
and	O
one	O
in	O
immunogenetics	B-B-Field
in	O
@BlagojeSoskic	O
‚Äô	O
s	O
lab	O
.	O
Feel	O
free	O
to	O
reach	O
out	O
for	O
informal	O
inquiries	O
https://t.co/0nazJVGjzq.	B-B-Link
Retweets	O
very	O
welcome	O
!	O
",O
,
"	O
Exciting	O
opportunity	O
in	O
the	O
@EFRIGriffith	O
#FoodScincesGroup	O
:	O
fully	O
-	O
funded	O
#PhD	O
scholarship	O
on	O
#nutquality	B-B-Field
#hyperspactral	B-I-Field
#imaging	B-I-Field
working	O
with	O
@Shahla_HBai	O
and	O
Prof	O
.	O
Helen	O
Wallace	O
,	O
if	O
interested	O
,	O
please	O
get	O
in	O
touch	O
for	O
further	O
information	O
to	O
submit	O
an	O
EOI	O
",O
,
9,O
fully,O
-,O
funded,O
PhD,O
positions,O
in,O
Behavioural,B-B-Field
Science,B-I-Field
at,O
the,O
Luxembourg,O
Institute,O
of,O
Socio,O
-,O
Economic,O
Research,O
(,O
LISER,B-B-Lab
),O
and,O
the,O
University,B-B-Univ
of,B-I-Univ
Luxembourg,B-I-Univ
.,O
PS,O
:,O
Do,O
NOT,O
send,O
your,O
application,O
via,O
email,O
Deadline,O
:,O
15th,B-B-Deadline
July,B-I-Deadline
2021,B-I-Deadline
https://t.co/Yw9HHDUoXq,B-B-Link
https://t.co/qm0PLujSi2,B-B-Link
https://t.co/XkeoyivKSP,B-B-Link
,
"	O
3	O
fully	O
-	O
funded	O
PhD	O
positions	O
on	O
6	B-B-Field
G	B-I-Field
Wireless	B-I-Field
Communications	B-I-Field
at	O
SEEMO	O
,	O
TU	B-B-Univ
Darmstadt	B-I-Univ
,	O
Germany	B-B-Country
.	O
Deadline	O
:	O
June	B-B-Deadline
30th	B-I-Deadline
,	O
2021	B-I-Deadline
Apply	O
:	O
https://t.co/hAYN6jxWnB	B-B-Link
About	O
TU	O
Darmstadt	O
:	O
https://t.co/OCEnCGqPvZ	B-B-Link
https://t.co/ylmfQf27Ph	B-B-Link
",O
,
"	O
1	O
/	O
Our	O
lab	O
at	O
@MonashBDI	B-B-Lab
(	O
https://t.co/iugPcq4BMJ	B-B-Link
)	O
,	O
Melbourne	O
,	O
Australia	B-B-Country
is	O
recruiting	O
new	O
PhD	O
students	O
for	O
funded	O
medical	B-B-Field
and	B-I-Field
environmental	B-I-Field
projects	O
.	O
Fully	O
funded	O
3.5	O
year	O
scholarships	O
for	O
two	O
students	O
currently	O
in	O
Aus	O
or	O
NZ	O
for	O
2021	O
start	O
,	O
two	O
international	O
students	O
for	O
2022	O
.	O
",O
,
"	O
Come	O
and	O
join	O
our	O
research	O
group	O
to	O
complete	O
a	O
multidisciplinary	O
PhD	O
focussing	O
on	O
the	O
oral	B-B-Field
microbiome	B-I-Field
and	B-I-Field
health	B-I-Field
.	O
Did	O
we	O
mention	O
it	O
is	O
FULLY	O
FUNDED	O
and	O
you	O
get	O
to	O
study	O
microbes	O
!	O
#phdlife	O
#Research	O
@UniWestScotland	B-I-Univ
,	O
@uwshls	O
",O
,
"	O
As	O
part	O
of	O
the	O
ORCHA	O
Health	O
-	O
University	B-B-Univ
of	B-I-Univ
Warwick	B-I-Univ
partnership	O
,	O
excited	O
to	O
announce	O
a	O
fully	O
-	O
funded	O
(	O
3.5	O
years	O
UK	B-B-Country
/	O
EU	O
fees	O
&	O
amp	O
;	O
stipend	O
)	O
PhD	O
Studentship	O
on	O
:	O
‚Äò	O
Evaluating	B-B-Topic
Behaviour	B-I-Topic
Change	B-I-Topic
Techniques	B-I-Topic
in	B-I-Topic
Health	B-I-Topic
Apps	B-I-Topic
‚Äô	O
.	O
See	O
here	O
for	O
more	O
info	O
&	O
amp	O
;	O
how	O
to	O
apply	O
:	O
https://t.co/cPKfev8fqF	B-B-Link
",O
,
Fully,O
funded,O
PhD,O
studentship,O
available,O
in,O
cell,B-B-Field
biology,B-I-Field
in,O
collaboration,O
with,O
Unilever,O
https://t.co/DJIgU47rlz,B-B-Link
,
Closing,O
7,B-B-Deadline
July,B-I-Deadline
.,O
A,O
fully,O
funded,O
PhD,O
opportunity,O
to,O
join,O
@uniofbrighton,B-B-Univ
exploring,O
how,B-B-Topic
resistance,B-I-Topic
to,B-I-Topic
the,B-I-Topic
GRA,B-I-Topic
reform,B-I-Topic
has,B-I-Topic
affected,B-I-Topic
the,B-I-Topic
lives,B-I-Topic
of,B-I-Topic
trans,B-I-Topic
and,B-I-Topic
gender,B-I-Topic
-,B-I-Topic
diverse,B-I-Topic
youth,B-I-Topic
.,O
Check,O
out,O
the,O
link,O
below,O
.,O
Applications,O
from,O
trans,O
students,O
are,O
particularly,O
welcomed,O
.,O
@CTSG_Brighton,B-B-Lab
,
"	O
Interesting	O
opportunity	O
for	O
a	O
fully	O
funded	O
,	O
industry	O
embedded	O
PhD	O
üëá	O
üëá	O
https://t.co/W9EBVbPdXL	B-B-Link
",O
,
Really,O
exciting,O
fully,O
funded,O
PhD,O
opportunity,O
@LYIT,B-B-Univ
.,O
An,O
amazing,O
chance,O
to,O
conduct,O
some,O
really,O
impactful,O
research,O
!,O
https://t.co/SxdtgR6ABZ,B-B-Link
,
"	O
Direct	O
links	O
below	O
to	O
each	O
of	O
our	O
three	O
fully	O
-	O
funded	O
PhD	O
studentships	O
in	O
the	O
@NIHRIO	O
at	O
@UniofNewcastle	B-B-Univ
.	O
Evidence	O
synthesis	O
2.0	O
,	O
y	O
‚Äô	O
all	O
!	O
ü¶æ	O
#ArtificialIntelligence	B-B-Field
",O
,
"	O
Fully	O
-	O
funded	O
PhD	O
Positions	O
in	O
Civil	B-B-Field
,	B-I-Field
Environmental	B-I-Field
and	B-I-Field
Mechanical	B-I-Field
Engineering	B-I-Field
at	O
the	O
University	B-B-Univ
of	B-I-Univ
Trento	B-I-Univ
,	O
Italy	B-B-Country
.	O
Start	O
date	O
:	O
Nov	O
1st	O
,	O
2021	O
Deadline	O
:	O
July	B-B-Deadline
26th	B-I-Deadline
,	B-I-Deadline
2021	B-I-Deadline
Apply	O
:	O
https://t.co/iZ8ote3rd8	B-B-Link
https://t.co/H3NoXuoUeA	B-B-Link
",O
,
We,O
have,O
some,O
fabulous,O
opportunities,O
available,O
for,O
3,O
fully,O
funded,O
PhD,O
pedagogic,B-B-Field
research,B-I-Field
studentships,O
as,O
part,O
of,O
the,O
new,O
SCoLPP,O
(,O
Staffordshire,O
Centre,O
of,O
Learning,O
and,O
Pedagogic,O
Practice,O
),O
research,O
centre,O
.,O
https://t.co/dewN0wr8gY,B-B-Link
,
"	O
Another	O
fully	O
funded	O
PhD	O
at	O
@LYIT	B-B-Univ
with	O
@ORRECO1	O
@kenvansom	O
@theronandoherty	O
@pedlarcr	O
@GBruinvels	O
investigating	O
menstrual	B-B-Field
cycle	B-I-Field
,	B-I-Field
fatigue	B-I-Field
&	O
amp	O
;	O
performance	O
in	O
female	O
athletes	O
.	O
Further	O
info	O
at	O
https://t.co/asoDqVxyZw	B-B-Link
https://t.co/jXeQ8c8lw0	B-B-Link
",O
,
An,O
exciting,O
opportunity,O
for,O
a,O
fully,O
-,O
funded,O
PhD,O
investigating,B-B-Field
health,B-I-Field
&,O
amp,O
;,O
performance,O
in,O
elite,O
triathlon,O
with,O
@LYIT,B-B-Univ
@tri_ireland,O
@kenvansom,O
@geeves2012,O
@OptimalFitLK,O
Further,O
info,O
at,O
https://t.co/7DC34DwdRo,B-B-Link
https://t.co/JSd0GAjMFJ,B-B-Link
,
"	O
üá©üá™	O
Our	O
#MSCA	O
#ITN	O
includes	O
two	O
fully	O
-	O
funded	O
#PhD	O
projects	O
at	O
University	B-B-Univ
Hospital	B-I-Univ
W√ºrzburg	B-I-Univ
,	O
Germany	B-B-Country
,	O
working	O
with	O
Philip	O
Tovote	O
.	O
Apply	O
:	O
https://t.co/yyFvgGaTIe	B-B-Link
Project	O
info	O
in	O
thread	O
üëá	O
",O
,
Recruiting,O
:,O
Industry,O
-,O
supported,O
fully,O
funded,O
PhD,O
position,O
in,O
my,O
research,O
group,O
.,O
You,O
need,O
a,O
background,O
in,O
Mech,B-B-Field
or,B-I-Field
Chem,B-I-Field
Eng,B-I-Field
and,B-I-Field
good,B-I-Field
software,B-I-Field
skill,B-I-Field
(,B-I-Field
python,B-I-Field
or,B-I-Field
gPROMS,B-I-Field
),B-I-Field
.,O
Apply,O
here,O
:,O
https://t.co/Xexy3ComvC,B-B-Link
,
Interested,O
in,O
auditory,B-B-Field
predictiions,B-I-Field
?,O
Apply,O
now,O
(,O
https://t.co/7xgEGxGYHg,B-B-Link
),O
for,O
a,O
fully,O
-,O
funded,O
PhD,O
position,O
at,O
@UniOslo_RITMO,B-B-Univ
!,O
Join,O
the,O
AudioPred,O
project,O
(,O
https://t.co/d9SMK7j9K2,B-B-Link
),O
to,O
understand,O
predictions,B-B-Topic
using,B-I-Topic
intracranial,B-I-Topic
EEG,B-I-Topic
signals,B-I-Topic
recorded,B-I-Topic
from,B-I-Topic
human,B-I-Topic
patients,B-I-Topic
.,O
Please,O
RT,O
!,O
,
"	O
Fully	O
-	O
funded	O
PhD	O
position	O
@Michelin	O
and	O
the	O
Laboratory	O
for	O
Computer	B-B-Field
Science	B-I-Field
and	B-I-Field
Automation	B-I-Field
Systems	B-I-Field
(	O
LIAS	B-B-Lab
)	O
,	O
Poitiers	B-B-Univ
University	B-I-Univ
,	O
France	O
.	O
Suitable	O
for	O
students	O
with	O
a	O
background	O
in	O
mathematics	B-B-Field
.	O
Cc	O
:	O
@AaronAkpuPhilip	O
@Beyond__Gender	O
@_asantekente	O
@Exquisita_lady	O
@zainab__tiamiyu	O
https://t.co/FfOoL3v1GO	B-B-Link
",O
,
Applicants,O
invited,O
for,O
fully,O
funded,O
PhD,O
position,O
@GCU_BIO,O
cell,B-B-Topic
to,B-I-Topic
cell,B-I-Topic
communication,B-I-Topic
in,B-I-Topic
epithelial,B-I-Topic
cells,B-I-Topic
.,O
.,O
.,O
please,O
retweet,O
or,O
DM,O
me,O
for,O
further,O
info,O
.,O
https://t.co/W43ofrmv5r,B-B-Link
,
https://t.co/TuD1F57Jzx,B-B-Link
Call,O
for,O
applications,O
:,O
fully,O
funded,O
PhD,O
at,O
@uniofbrighton,B-B-Univ
to,O
study,O
how,B-B-Topic
resistance,B-I-Topic
to,B-I-Topic
the,B-I-Topic
GRA,B-I-Topic
reform,B-I-Topic
affects,B-I-Topic
the,B-I-Topic
lives,B-I-Topic
of,B-I-Topic
#trans,B-I-Topic
and,B-I-Topic
gender,B-I-Topic
-,B-I-Topic
diverse,B-I-Topic
youth,B-I-Topic
.,O
Deadline,O
7,B-B-Deadline
July,B-I-Deadline
.,O
Pls,O
RT,O
.,O
,
"	O
üì¢	O
NINE	O
fully	O
funded	O
PhD	O
Positions	O
with	O
@data_mar	O
#MarDATA	O
in	O
Kiel	O
,	O
Germany	O
at	O
the	O
Helmholtz	O
School	O
for	O
Marine	B-B-Field
Data	B-I-Field
Science	B-I-Field
Apply	O
here	O
üëá	O
https://t.co/Famp29Yclc	B-B-Link
",O
,
"	O
Fully	O
funded	O
PhD	O
in	O
creative	B-B-Field
arts	B-I-Field
,	B-I-Field
performing	B-I-Field
arts	B-I-Field
,	B-I-Field
music	B-I-Field
,	B-I-Field
media	B-I-Field
and	B-I-Field
cultural	B-I-Field
studies	B-I-Field
:	O
https://t.co/mi4eYTij64	B-B-Link
",O
,
"	O
Fully	O
funded	O
law	O
and	O
psychology	O
PhD	O
opportunity	O
in	O
compulsory	B-B-Field
treatment	B-I-Field
,	B-I-Field
alternatives	B-I-Field
and	B-I-Field
rights	B-I-Field
with	O
Dr	O
Paul	O
Hutton	O
and	O
me	O
.	O
Take	O
a	O
look	O
and	O
apply	O
?	O
",O
,
"	O
Fully	O
-	O
funded	O
PhD	O
positions	O
at	O
the	O
London	B-B-Univ
School	B-I-Univ
of	B-I-Univ
Hygiene	B-I-Univ
&	O
amp	O
;	O
Tropical	B-B-Topic
Medicine	B-I-Topic
for	B-I-Topic
students	B-I-Topic
from	B-I-Topic
Sub	B-I-Topic
-	B-I-Topic
Saharan	B-I-Topic
African	B-I-Topic
countries	B-I-Topic
.	O
Start	O
date	O
:	O
January	O
3	O
,	O
2022	O
.	O
Deadline	O
:	O
11	B-B-Deadline
July	B-I-Deadline
2021	B-I-Deadline
Apply	O
:	O
https://t.co/vEE60ZZb7r	B-B-Link
https://t.co/2w4qlJav0J	B-B-Link
",O
,
"	O
58	O
.	O
)	O
Fully	O
funded	O
PhD	O
position	O
available	O
at	O
the	O
University	B-B-Univ
of	B-I-Univ
Warwick	B-I-Univ
,	O
England	B-B-Country
üè¥Û†ÅßÛ†Å¢Û†Å•Û†ÅÆÛ†ÅßÛ†Åø	O
üá¨üáß	O
@warwickuni	O
https://t.co/eTMnSTU1Gv	B-B-Link
",O
,
Exciting,O
opportunity,O
alert,O
!,O
We,O
have,O
three,O
fully,O
funded,O
PhD,O
scholarships,O
available,O
as,O
part,O
of,O
our,O
Public,B-B-Field
Housing,B-I-Field
and,B-I-Field
Urban,B-I-Field
Regeneration,B-I-Field
MBIE,O
Endeavour,O
fund,O
programme,O
.,O
We,O
re,O
particularly,O
keen,O
to,O
hear,O
from,O
M,O
ƒÅ,O
ori,O
and,O
Pasifika,O
students,O
.,O
Details,O
here,O
:,O
https://t.co/9Dksf3xeDv,B-B-Link
,
"	O
Fully	O
funded	O
PhD	O
position	O
available	O
at	O
the	O
University	B-B-Univ
of	B-I-Univ
Warwick	B-I-Univ
,	O
England	B-B-Country
üè¥Û†ÅßÛ†Å¢Û†Å•Û†ÅÆÛ†ÅßÛ†Åø	O
üá¨üáß	O
https://t.co/zX5YIY2k6p	B-B-Link
",O
,
Interested,O
in,O
a,O
PhD,O
in,O
neuromodulation,B-B-Field
of,B-I-Field
language,B-I-Field
in,O
our,O
lab,O
?,O
We,O
have,O
a,O
scholarship,O
and,O
fully,O
-,O
funded,O
project,O
available,O
with,O
@BrownsettHill,O
combining,O
TMS,O
and,O
fMRI,O
!,O
,
"	O
#ScholarlyWednesdays	O
Fully	O
funded	O
MPhil	O
and	O
PhD	O
scholarships	O
in	O
new	B-B-Field
Antimicrobial	B-I-Field
Agents	B-I-Field
at	O
Queensland	B-B-Univ
University	B-I-Univ
of	B-I-Univ
Technology	B-I-Univ
QUT	B-I-Univ
,	B-I-Univ
Brisbane	B-I-Univ
,	O
Australia	B-B-Country
üá¶üá∫	O
Application	O
close	O
July	B-B-Deadline
21	B-I-Deadline
#phd	O
#graduateschool	O
#Australia	B-B-Country
#QUT	O
üá¶üá∫	O
üë®‚Äçüî¨	O
https://t.co/0gBLpY86j5	B-B-Link
",O
,
"	O
#ScholarlyWednesdays	O
MS	O
and	O
Phd	O
positions	O
available	O
Fully	O
-	O
Funded	O
MSc	O
and	O
PhD	O
positions	O
at	O
the	O
University	B-B-Univ
of	B-I-Univ
Manitoba	B-I-Univ
,	O
Canada	B-B-Country
starting	O
January	O
2022	O
.	O
If	O
you	O
are	O
interested	O
,	O
please	O
send	O
your	O
CV	O
,	O
Transcripts	O
,	O
and	O
Publications	O
to	O
Dr	O
.	O
Pingzhao	O
Hu	O
(	O
pingzhao.hu@umanitoba.ca	O
)	O
.	O
https://t.co/6tR57f9eXa	B-B-Link
",O
,
31,O
.,O
National,B-B-Univ
University,B-I-Univ
of,B-I-Univ
Taiwan,B-I-Univ
Scholarships,O
2021,O
Fully,O
Funded,O
Bachelor,O
‚Äô,O
s,O
Degree,O
Program,O
:,O
4,O
Years,O
Master,O
‚Äô,O
s,O
Program,O
:,O
2,O
Years,O
PhD,O
Program,O
:,O
3,O
Years,O
üîπ,O
Ô∏è,O
Tuition,O
Fee,O
üî∏,O
Ô∏è,O
Monthly,O
Stipend,O
üîπ,O
Ô∏è,O
Airfare,O
Tickets,O
üî∏,O
Ô∏è,O
Accommodation,O
üîπ,O
Ô∏è,O
Health,O
Insurance,O
https://t.co/TKaHQkT5UR,B-B-Link
,
One,O
week,O
left,O
to,O
apply,O
for,O
our,O
fully,O
funded,O
PhD,O
studentship,O
on,O
genomic,B-B-Topic
analysis,B-I-Topic
of,B-I-Topic
rare,B-I-Topic
tumours,B-I-Topic
that,B-I-Topic
arise,B-I-Topic
from,B-I-Topic
placental,B-I-Topic
cells,B-I-Topic
.,O
This,O
iCASE,O
PhD,O
@ImperialMed,O
includes,O
a,O
3,O
month,O
industrial,O
placement,O
at,O
innovative,O
genomics,O
company,O
@NonacusLtd,O
.,O
Details,O
here,O
:,O
https://t.co/pNBzXq5HRj,B-B-Link
,
"	O
PhD	O
Opportunity	O
:	O
Estimating	B-B-Topic
sources	B-I-Topic
and	B-I-Topic
population	B-I-Topic
exposure	B-I-Topic
to	B-I-Topic
VOC	B-I-Topic
pollution	B-I-Topic
indoors	B-I-Topic
at	O
@AtmosChemYork	B-B-Lab
,	O
fully	O
funded	O
for	O
3.5	O
yrs	O
by	O
@AtmosScience	B-B-Lab
,	O
closes	O
Mon	B-B-Deadline
19	B-I-Deadline
July	B-I-Deadline
.	O
https://t.co/jpnyzJ99MQ	B-B-Link
",O
,
"	O
Looking	O
for	O
a	O
fully	O
-	O
funded	O
Engineering	O
PhD	O
?	O
Working	O
with	O
Prof	O
Richard	O
Dinsdale	O
,	O
a	O
@RAEngNews	O
Chair	O
of	O
Emerging	O
Technologies	O
,	O
this	O
project	O
will	O
analyse	O
a	O
range	O
of	O
bio	B-B-Topic
-	B-I-Topic
electrochemical	B-I-Topic
reactor	B-I-Topic
designs	B-I-Topic
to	B-I-Topic
inform	B-I-Topic
scale	B-I-Topic
up	B-I-Topic
&	O
amp	O
;	O
industrial	B-B-Field
exploitation	B-I-Field
https://t.co/Q1l1lVgaSU	B-B-Link
#IWED2021	O
https://t.co/Elnus59hTI	B-B-Link
",O
,
"	O
08	O
PhD	O
Degree	O
‚Äì	O
Fully	O
Funded	O
at	O
The	O
University	B-B-Univ
of	B-I-Univ
Groningen	B-I-Univ
,	O
Netherlands	B-B-Country
#phd	O
#phdpositions	O
#Groningen	O
_	O
University	O
#VacancyEdu	O
https://t.co/ZSzN8EOhua	B-B-Link
",O
,
üì¢,O
Looking,O
for,O
a,O
fully,O
-,O
funded,O
PhD,O
in,O
Neural,B-B-Field
Language,B-I-Field
Generation,B-I-Field
?,O
Join,O
ADAPT,O
under,O
the,O
supervision,O
of,O
Prof,O
@anyabelz,O
&,O
amp,O
;,O
become,O
embedded,O
in,O
an,O
expanding,O
group,O
of,O
researchers,O
working,O
on,O
language,O
generation,O
methods,O
!,O
Find,O
out,O
more,O
:,O
https://t.co/VQuymzSbnp,B-B-Link
#computerscience,B-B-Field
#NLP,B-I-Field
https://t.co/1R84AiGytM,B-B-Link
,
"	O
BME	O
's	O
incoming	O
Assistant	O
Professor	O
,	O
Dr	O
.	O
Muhammad	O
Rizwan	O
is	O
accepting	O
applications	O
for	O
fully	O
funded	O
PhD	O
position	O
(	O
s	O
)	O
to	O
work	O
on	O
projects	O
in	O
biomaterials	B-B-Field
,	B-I-Field
tissue	B-I-Field
engineering	B-I-Field
,	B-I-Field
and	B-I-Field
regenerative	B-I-Field
medicine	B-I-Field
starting	O
Jan	O
2022	O
.	O
#michigantech	O
#huskybme	O
#MTUBiomed	O
#mturesearch	O
",O
,
Great,O
chance,O
to,O
do,O
a,O
fully,O
funded,O
#PhysicalActivity,B-B-Field
PhD,O
@EdinburghNapier,B-B-Univ
with,O
me,O
and,O
@lisneubeck,O
as,O
supervisors,O
.,O
Very,O
happy,O
to,O
chat,O
if,O
you,O
think,O
you,O
might,O
be,O
interested,O
,
Interested,O
in,O
exploring,O
the,O
future,O
of,O
artificial,B-B-Field
social,B-I-Field
intelligence,B-I-Field
?,O
Up,O
to,O
10,O
fully,O
funded,O
4,O
-,O
yr,O
PhD,O
Studentships,O
available,O
with,O
@Social__AI,B-B-Lab
!,O
Applications,O
open,O
for,O
September,O
2021,O
entry,O
.,O
Apply,O
by,O
28,B-B-Deadline
June,B-I-Deadline
.,O
https://t.co/kDE6UnRep7,B-B-Link
@SICSA_Scotland,O
@DataLabScotland,B-B-Lab
@digitalscots,O
https://t.co/Fr6c2SadGh,B-B-Link
,
"	O
London	B-B-Univ
School	B-I-Univ
of	B-I-Univ
Hygiene	B-I-Univ
&	O
amp	O
;	O
Tropical	B-B-Field
Medicine	B-I-Field
@LSHTM	O
invites	O
applications	O
from	O
candidates	O
from	O
Sub	O
-	O
Saharan	O
Africa	O
for	O
Reckitt	O
-	O
LSHTM	O
fully	O
-	O
funded	O
4	O
-	O
year	O
PhD	O
studentships	O
to	O
start	O
a	O
research	O
degree	O
program	O
in	O
January	O
2022	O
,	O
3	O
available	O
.	O
Deadline	O
:	O
July	B-B-Deadline
11	B-I-Deadline
.	O
https://t.co/lPQI5RT1XM	B-B-Link
",O
,
"	O
Fully	O
-	O
funded	O
PhD	O
position	O
open	O
at	O
@isemevol	O
If	O
you	O
are	O
interested	O
in	O
molecular	B-B-Field
evolution	B-I-Field
&	O
amp	O
;	O
you	O
want	O
to	O
understand	O
more	O
about	O
genome	B-B-Field
size	B-I-Field
evolution	B-I-Field
,	O
this	O
is	O
for	O
you	O
!	O
Full	O
info	O
here	O
:	O
https://t.co/YSJGPG3NRm	B-B-Link
@Tristan_Lefebur	O
@afiston	O
@AnnabelleHaudry	O
",O
,
"	O
üêã	O
MARINE	O
MEGAFAUNA	O
PHD	O
üê¨	O
Fully	O
-	O
funded	O
PhD	O
scholarship	O
on	O
human	B-B-Topic
-	O
wildlife	B-I-Topic
interactions	B-I-Topic
with	B-I-Topic
iconic	B-I-Topic
marine	B-I-Topic
species	B-I-Topic
in	O
üèù	O
Noosa	O
Biosphere	O
Reserve	O
w	O
me	O
,	O
@JXavierLeon	O
@DrRossDwyer	O
&	O
amp	O
;	O
Dr	O
.	O
Bonnie	O
Holmes	O
.	O
‚û°Ô∏è	O
https://t.co/jfINJK9arR	B-B-Link
üåè	O
Aus	O
/	O
NZ	O
applicants	O
‚è∞	O
30/7	B-B-Deadline
Pic	O
:	O
https://t.co/b5XBw1CRtB	B-B-Link
https://t.co/kIcEqmdDg3	B-B-Link
",O
,
Please,O
RT,O
!,O
We,O
have,O
two,O
fully,O
-,O
funded,O
#PhD,O
studentships,O
available,O
:,O
üî∏,O
Genomic,B-B-Field
adaptation,B-I-Field
of,O
gut,O
bacteria,O
in,O
long,O
-,O
term,O
human,O
colonization,O
(,O
@Falk_tw,O
@ERC_Research,O
),O
üî∏,O
Understanding,O
how,B-B-Topic
bacterial,B-I-Topic
biofilms,B-I-Topic
evolve,B-I-Topic
under,B-I-Topic
stress,B-I-Topic
(,O
@ma_webber,O
@NRPBIODTP,O
),O
More,O
:,O
https://t.co/RgJ04QRLod,B-B-Link
https://t.co/CNL9MI9OtI,B-B-Link
,
"	O
We	O
have	O
three	O
open	O
,	O
fully	O
-	O
funded	O
PhD	O
positions	O
with	O
focus	O
on	O
6	B-B-Field
G	B-I-Field
Wireless	B-I-Field
Communications	B-I-Field
at	O
@seemoolab	B-B-Lab
,	O
TU	B-B-Univ
Darmstadt	B-I-Univ
,	O
Germany	B-B-Country
.	O
More	O
information	O
:	O
https://t.co/RGMJwLZPb8	B-B-Link
",O
,
Amazing,O
opportunity,O
for,O
*,O
three,O
*,O
üéâ,O
fully,O
funded,O
üéâ,O
PhD,O
fellowships,O
in,O
the,O
Department,B-B-Field
of,B-I-Field
Political,B-I-Field
Science,B-I-Field
open,O
to,O
any,O
subfield,O
of,O
political,O
science,O
.,O
https://t.co/vr32cjx2H5,B-B-Link
,
Thinking,O
about,O
studying,O
for,O
a,O
PhD,O
in,O
Consumer,B-B-Field
Psych,B-I-Field
?,O
The,O
@UniCologne,B-B-Univ
have,O
a,O
fully,O
funded,O
PhD,O
position,O
available,O
and,O
you,O
get,O
to,O
select,O
your,O
own,O
research,O
question,O
-,O
a,O
great,O
opportunity,O
if,O
you,O
want,O
to,O
pursue,O
your,O
own,O
research,O
.,O
(,O
The,O
PhD,O
is,O
in,O
english,O
),O
https://t.co/3w6V0UbeKm,B-B-Link
,
Do,O
you,O
want,O
to,O
do,O
a,O
PhD,O
in,O
pollitical,B-B-Field
science,B-I-Field
?,O
We,O
currently,O
have,O
openings,O
for,O
3,O
fully,O
funded,O
fellowships,O
.,O
Open,O
to,O
any,O
subfield,O
in,O
the,O
discipline,O
.,O
Deadline,O
:,O
1st,B-B-Deadline
October,B-I-Deadline
https://t.co/nXRW8uSAyc,B-B-Link
,
Fully,O
funded,O
#PhD,O
studentship,O
available,O
for,O
immediate,O
consideration,O
.,O
See,O
https://t.co/lhNnolYVCd,B-B-Link
,
PhD,O
:,O
NINE,O
*,O
fully,O
*,O
funded,O
PhD,O
Positions,O
with,O
@data_mar,O
Helmholtz,O
School,O
for,O
Marine,B-B-Field
Data,B-I-Field
Science,B-I-Field
Apply,O
now,O
!,O
,
"	O
Would	O
you	O
like	O
to	O
develop	B-B-Topic
the	B-I-Topic
future	B-I-Topic
of	B-I-Topic
robotic	B-I-Topic
handling	B-I-Topic
of	B-I-Topic
fusion	B-I-Topic
components	B-I-Topic
?	O
UKAEA	O
‚Äô	O
s	O
RACE	O
team	O
has	O
an	O
exciting	O
PhD	O
project	O
with	O
@UniversityLeeds	B-B-Univ
in	O
cutting	B-B-Field
,	B-I-Field
grasping	B-I-Field
and	B-I-Field
packing	B-I-Field
of	B-I-Field
3	B-I-Field
D	B-I-Field
-	B-I-Field
components	B-I-Field
.	O
It	O
's	O
fully	O
funded	O
and	O
starts	O
in	O
Oct	O
2021	O
.	O
Apply	O
by	O
3	B-B-Deadline
July	B-I-Deadline
:	O
https://t.co/HuxOfNPebb	B-B-Link
https://t.co/w5BuWIrCVu	B-B-Link
",O
,
Interested,O
in,O
doing,O
a,O
PhD,O
?,O
üì¢,O
üëâ,O
Cardiovascular,B-B-Field
Health,B-I-Field
or,B-I-Field
Mental,B-I-Field
Health,B-I-Field
üëâ,O
Fully,O
-,O
funded,O
opportunities,O
@EdinburghNapier,B-B-Univ
üëâ,O
Apply,O
now,O
for,O
October,O
start,O
https://t.co/yVLanIUXut,B-B-Link
https://t.co/WX416nVooR,B-B-Link
,
Civil,B-B-Field
Engineering,B-I-Field
:,O
Fully,O
Funded,O
EPSRC,O
iCASE,O
PhD,O
at,O
Swansea,O
:,O
A,O
new,O
computational,O
tool,O
https://t.co/HD2RaWsOWs,B-B-Link
,
Fully,O
-,O
funded,O
PhD,O
International,O
Studentships,O
in,O
Laser,B-B-Field
Spectrometry,B-I-Field
Development,B-I-Field
for,O
Carbon,O
-,O
14,O
Analysis,O
https://t.co/KWJhBMG3tf,B-B-Link
,
An,O
exciting,O
opportunity,O
for,O
a,O
teacher,O
(,O
early,O
years,O
to,O
further,O
and,O
higher,O
education,O
),O
to,O
undertake,O
a,O
fully,O
funded,O
full,O
-,O
time,O
PhD,O
@DCU_IoE,B-B-Univ
.,O
Join,O
a,O
fabulous,O
cohort,O
of,O
@DCU_IoE_PGSR,O
and,O
be,O
supervised,O
by,O
expert,O
researchers,O
in,O
your,O
chosen,O
area,O
.,O
See,O
https://t.co/dt8bBdI9Ki,B-B-Link
for,O
details,O
https://t.co/VnIjZodk3I,B-B-Link
,
Two,O
fully,O
funded,O
Creative,B-B-Field
Technology,B-I-Field
PhD,O
studentships,O
at,O
@UWEBristol,B-B-Univ
in,O
collaboration,O
with,O
@DrakeMusicRandD,O
@mimu_gloves,O
üôå,O
üëáüèø,O
,
Two,O
fully,O
funded,O
Creative,B-B-Field
Technology,B-I-Field
PhD,O
studentships,O
at,O
UWE,B-B-Univ
-,O
please,O
RT,O
@UWE_CSCT,O
@UWECTLab,B-B-Lab
@UWE_Business,O
Further,O
info,O
:,O
https://t.co/zsNPxeCIrl,B-B-Link
1/4,O
,
Fully,O
funded,O
PhD,O
fellowship,O
opportunity,O
@dcu,B-B-Univ
.,O
The,O
Michael,O
Jordan,O
fellowship,O
is,O
now,O
open,O
.,O
Please,O
let,O
me,O
know,O
if,O
interested,O
in,O
researching,O
Autism,B-B-Field
or,B-I-Field
Inclusive,B-I-Field
Education,B-I-Field
#edchatie,O
#inclusion,O
#phd,O
https://t.co/lIyJ2DUh3E,B-B-Link
,
"	O
Fully	O
-	O
funded	O
PhD	O
in	O
Mechanical	B-B-Field
Engineering	B-I-Field
at	O
the	O
University	B-B-Univ
of	B-I-Univ
Rhode	B-I-Univ
Island	B-I-Univ
starting	O
Fall	O
2021	O
/	O
Spring	O
2022	O
.	O
Send	O
ONE	O
.	O
pdf	O
file	O
of	O
your	O
C	O
.	O
V	O
.	O
,	O
a	O
letter	O
of	O
motivation	O
and	O
research	O
interest	O
(	O
one	O
page	O
)	O
,	O
and	O
two	O
references	O
to	O
Dr	O
.	O
Lin	O
(	O
yanglin@uri.edu	O
)	O
.	O
https://t.co/zAxpIeroq5	B-B-Link
(	O
1	O
/	O
n	O
)	O
https://t.co/NhBr8O0UnN	B-B-Link
",O
,
Thinking,O
about,O
a,O
PhD,O
in,O
Nursing,B-B-Field
or,B-I-Field
Midwifery,B-I-Field
?,O
Come,O
learn,O
more,O
about,O
our,O
fully,O
funded,O
for,O
4,O
years,O
program,O
@NYUNursing,B-B-Univ
on,O
Thursday,O
June,O
24,O
@,O
11,O
a,O
EST,O
.,O
Register,O
here,O
:,O
https://t.co/zsTY5qeCd7,B-B-Link
#nurses,O
#nursing,O
#midwifery,O
#nursepractitioner,O
,
We,O
have,O
two,O
fully,O
funded,O
PhD,O
positions,O
available,O
in,O
our,O
new,O
theoretical,O
chemistry,O
lab,O
at,O
the,O
@RWTH,B-B-Lab
!,O
We,O
are,O
looking,O
for,O
motivated,O
candidates,O
with,O
interest,O
in,O
electronic,B-B-Field
structure,B-I-Field
or,B-I-Field
ML,B-I-Field
method,B-I-Field
development,B-I-Field
.,O
For,O
more,O
information,O
see,O
:,O
https://t.co/9PK62iUCtx,B-B-Link
#CompChemJobs,O
#ChemJobs,O
,
"	O
We	O
are	O
looking	O
for	O
a	O
motivated	O
PhD	O
candidate	O
in	O
Materials	B-B-Field
Chemistry	B-I-Field
at	O
Aarhus	B-B-Univ
University	B-I-Univ
-	O
-	O
A	O
fully	O
funded	O
PhD	O
position	O
.	O
Application	O
deadline	O
:	O
August	B-B-Deadline
1	B-I-Deadline
,	B-I-Deadline
2021	B-I-Deadline
.	O
https://t.co/iqrjVcqMqL	B-B-Link
https://t.co/ztcCkBPiNP	B-B-Link
",O
,
"	O
Fully	O
funded	O
PhD	O
available	O
with	O
Prof	O
Margaret	O
Lucas	O
and	O
me	O
-	O
deadline	O
for	O
applications	O
27th	B-B-Deadline
August	B-I-Deadline
,	O
for	O
a	O
start	O
in	O
October	O
2021	O
.	O
Contact	O
me	O
if	O
you	O
want	O
more	O
information	O
!	O
https://t.co/SznU5DgCUg	B-B-Link
",O
,
"	O
@CovUni_CSM	B-B-Univ
‚Äô	O
s	O
fully	O
funded	O
#PhD	O
,	O
sponsored	O
by	O
@Maplesoft	O
,	O
seeks	O
to	O
embed	O
#MachineLearning	B-B-Topic
technology	B-I-Topic
within	B-I-Topic
the	B-I-Topic
core	B-I-Topic
symbolic	B-I-Topic
routines	B-I-Topic
of	B-I-Topic
Maplesoft	B-I-Topic
‚Äô	B-I-Topic
s	B-I-Topic
computer	B-I-Topic
algebra	B-I-Topic
system	B-I-Topic
.	O
Deadline	O
:	O
13	B-B-Deadline
September	B-I-Deadline
2021	B-I-Deadline
Find	O
out	O
more	O
and	O
apply	O
:	O
https://t.co/Xd8z1MyzFB	B-B-Link
#CovResearch	O
#CovPGR	O
https://t.co/mrHdMXurXB	B-B-Link
",O
,
"	O
Applications	O
are	O
invited	O
for	O
a	O
fully	O
funded	O
PhD	O
studentship	O
in	O
the	O
Yusuf	O
-	O
Hamied	O
Department	O
of	O
Chemistry	O
at	O
@Cambridge_Uni	B-B-Univ
,	O
UK	B-B-Country
.	O
The	O
project	O
will	O
involve	O
the	B-B-Topic
development	B-I-Topic
and	B-I-Topic
application	B-I-Topic
of	B-I-Topic
new	B-I-Topic
#Quantum	B-I-Topic
Chemical	B-I-Topic
Ansatzes	B-I-Topic
to	B-I-Topic
be	B-I-Topic
use	B-I-Topic
on	B-I-Topic
Quantum	B-I-Topic
Computers	B-I-Topic
.	O
.	O
.	O
https://t.co/sNPgyWEBzx	B-B-Link
https://t.co/AfdLktxBKS	B-B-Link
",O
,
üí•,O
We,O
are,O
now,O
advertising,O
for,O
fully,O
-,O
funded,O
PhD,O
positions,O
:,O
‚úÖ,O
basic,B-B-Field
science,B-I-Field
with,B-I-Field
direct,B-I-Field
clinical,B-I-Field
translation,B-I-Field
‚úÖ,O
pancreatic,B-B-Field
cancer,B-I-Field
and,B-I-Field
immunomodulation,B-I-Field
‚úÖ,O
next,B-B-Field
generation,B-I-Field
cannabinoid,B-I-Field
therapeutics,B-I-Field
Please,B-I-Field
share,B-I-Field
widely,B-I-Field
and,B-I-Field
contact,B-I-Field
me,B-I-Field
directly,B-I-Field
with,B-I-Field
any,B-I-Field
enquiries,B-I-Field
https://t.co/402TfgzJCj,B-B-Link
,
"	O
If	O
you	O
are	O
a	O
trainee	B-B-Field
surgeon	B-I-Field
,	B-I-Field
gastroenterologist	B-I-Field
or	B-I-Field
oncologist	B-I-Field
and	O
want	O
to	O
do	O
a	O
fully	O
funded	O
PhD	O
@ImperialSandC	O
focused	O
on	O
evaluating	B-B-Topic
next	B-I-Topic
generation	B-I-Topic
therapeutic	B-I-Topic
cannabinoids	B-I-Topic
in	B-I-Topic
pancreatic	B-I-Topic
cancer	B-I-Topic
you	O
are	O
in	O
luck	O
.	O
.	O
üíä	O
ü©∫	O
We	O
are	O
now	O
recruiting	O
!	O
https://t.co/BP9BiTkqVJ	B-B-Link
Please	O
share	O
",O
,
"	O
PhD	O
Opportunity	O
:	O
Bio	B-B-Field
-	B-I-Field
based	B-I-Field
Coalescing	B-I-Field
Aids	B-I-Field
for	O
Paints	O
and	O
Coatings	O
with	O
@GreenChemYork	O
&	O
amp	O
;	O
@Synthomer_Group	O
fully	O
funded	O
for	O
3.5	O
yrs	O
(	O
for	O
students	O
eligible	O
for	O
UK	O
home	O
rates	O
)	O
,	O
apply	O
now	O
.	O
https://t.co/1DeaPOYGX3	B-B-Link
",O
,
Time,O
is,O
running,O
out,O
to,O
apply,O
!,O
@LSHTM,B-B-Univ
invites,O
applications,O
from,O
candidates,O
from,O
Sub,O
-,O
Saharan,O
Africa,O
for,O
fully,O
-,O
funded,O
4,O
-,O
year,O
PhD,O
studentships,O
to,O
start,O
on,O
3,O
January,O
2022,O
.,O
Info,O
:,O
https://t.co/6pd6s5VQF2,B-B-Link
|,O
@UCTHealthSci,O
@UCT_SPHFM,O
https://t.co/dqdU8cqXir,B-B-Link
,
"	O
üì¢	O
üì¢	O
üì¢	O
We	O
are	O
hiring	O
!	O
Fully	O
funded	O
PhD	O
position	O
in	O
my	O
theoretical	B-B-Field
physics	B-I-Field
group	O
at	O
@unidue	B-B-Univ
,	O
supported	O
by	O
the	O
@grk2376	O
Interested	O
in	O
investigating	B-B-Topic
the	B-I-Topic
excited	B-I-Topic
-	B-I-Topic
state	B-I-Topic
electronic	B-I-Topic
structure	B-I-Topic
of	B-I-Topic
molecules	B-I-Topic
in	B-I-Topic
confinement	B-I-Topic
?	O
Please	O
apply	O
!	O
https://t.co/fSfgHrXfH3	B-B-Link
#CompChemJobs	O
#ChemJobs	O
",O
,
Fantastic,O
fully,O
funded,O
PhD,O
opportunity,O
with,O
@DrLawrenceHayes,O
@UniWestScotland,B-B-Univ
tracking,B-B-Topic
multiple,B-I-Topic
sclerosis,B-I-Topic
symptoms,B-I-Topic
and,B-I-Topic
physical,B-I-Topic
activity,B-I-Topic
using,B-I-Topic
an,B-I-Topic
mHealth,B-I-Topic
approach,B-I-Topic
details,O
as,O
follows,O
:,O
https://t.co/IS9bg6miSZ,B-B-Link
),O
.,O
A,O
2,O
:,O
i,O
undergraduate,O
qualification,O
in,O
a,O
relevant,O
subject,O
is,O
required,O
.,O
,
*,O
Final,O
week,O
*,O
for,O
STEM,O
grads,O
to,O
apply,O
to,O
this,O
fully,O
funded,O
PhD,O
scholarship,O
(,O
open,O
to,O
pre,O
-,O
settled,O
EU,O
or,O
UK,O
/,O
Irish,O
residents,O
),O
in,O
#materials,O
with,O
@jqfonseca,O
and,O
Philip,O
Withers,O
@OfficialUoM,B-B-Univ
in,O
@RoyceInstitute,O
and,O
collaborating,O
closely,O
with,O
@Element,O
.,O
Please,O
RT,O
.,O
https://t.co/8dU4zfdQY9,B-B-Link
,
"	O
PhD	O
position	O
fully	O
funded	O
in	O
Plant	B-B-Field
RNA	B-I-Field
Biotechnology	B-I-Field
,	O
University	B-B-Univ
of	B-I-Univ
Copenhagen	B-I-Univ
#BioTechnology	B-B-Field
#biotech	O
via	O
https://t.co/YJATIVbljI	B-B-Link
https://t.co/vbK5MYfkvM	B-B-Link
",O
,
Hurry,O
!,O
Last,O
remaining,O
Sept,B-B-Deadline
2021,B-I-Deadline
places,O
!,O
Apply,O
to,O
do,O
a,O
fully,O
-,O
funded,O
#AI,O
#PhD,O
in,O
computational,B-B-Field
#speech,B-I-Field
processing,B-I-Field
/,B-I-Field
written,B-I-Field
natural,B-I-Field
language,B-I-Field
processing,B-I-Field
(,B-I-Field
#NLP,B-I-Field
/,B-I-Field
#NLProc,B-I-Field
),O
Apply,O
now,O
!,O
Applications,O
assessed,O
on,O
a,O
rolling,O
basis,O
so,O
do,O
n't,O
delay,O
!,O
https://t.co/PoNwTtx756,B-B-Link
#sheffield,O
#cdt,O
https://t.co/gwEVv9bygh,B-B-Link
,
"	O
Please	O
RT	O
:	O
Fully	O
-	O
funded	O
PhD	O
in	O
Ultramicroscopy	B-B-Field
at	O
the	O
Trinity	B-B-Univ
College	B-I-Univ
Dublin	B-I-Univ
.	O
If	O
you	O
are	O
interested	O
,	O
please	O
send	O
your	O
CV	O
and	O
cover	O
letter	O
to	O
Prof	O
.	O
Jones	O
(	O
ewys.jones@tcd.ie	O
)	O
.	O
Deadline	O
:	O
5pm	B-B-Deadline
Friday	B-I-Deadline
9th	B-I-Deadline
July	B-I-Deadline
.	O
Apply	O
:	O
https://t.co/c3faHBnrgC	B-B-Link
https://t.co/p1JMcf6Ye1	B-B-Link
@Exquisita_lady	O
https://t.co/MaavkbKBqV	B-B-Link
",O
,
"	O
Exciting	O
,	O
fully	O
funded	O
PhD	O
position	O
,	O
@cec_lund	O
Lund	B-B-Univ
University	B-I-Univ
@Lundsuni	B-I-Univ
,	O
Sweden	B-B-Country
:	O
Boreal	B-B-Topic
forest	B-I-Topic
recovery	B-I-Topic
after	B-I-Topic
clear	B-I-Topic
-	B-I-Topic
cut	B-I-Topic
or	B-I-Topic
forest	B-I-Topic
fire	B-I-Topic
.	O
Full	O
details	O
:	O
https://t.co/9fJ9WRn3D5	B-B-Link
Please	O
spread	O
to	O
potentially	O
interested	O
students	O
!	O
",O
,
"	O
Getting	O
a	O
fully	O
-	O
funded	O
PhD	O
abroad	O
as	O
an	O
international	O
student	O
is	O
no	O
mean	O
feat	O
.	O
When	O
it	O
comes	O
to	O
Biosciences	O
,	O
it	O
could	O
be	O
even	O
more	O
competitive	O
as	O
compared	O
to	O
other	O
STEM	O
fields	O
like	O
Computer	B-B-Field
Science	B-I-Field
,	B-I-Field
Data	B-I-Field
Science	B-I-Field
,	B-I-Field
or	B-I-Field
Engineering	B-I-Field
.	O
https://t.co/9Ejhk08Y2u	B-B-Link
",O
,
Delighted,O
to,O
advertise,O
a,O
fully,O
funded,O
#PhD,O
studentship,O
on,O
the,B-B-Topic
influence,B-I-Topic
of,B-I-Topic
anthropogenic,B-I-Topic
disturbance,B-I-Topic
on,B-I-Topic
seabed,B-I-Topic
functioning,B-I-Topic
.,O
Apply,O
by,O
12,B-B-Deadline
July,B-I-Deadline
2021,B-I-Deadline
https://t.co/QpyOS4pvSl,B-B-Link
,
"	O
I	O
have	O
multiple	O
fully	O
funded	O
#PhD	O
#Scholarships	O
at	O
#EmbodiedAI	O
team	O
,	O
CSIRO	O
's	O
Data	O
61	O
Robotics	O
and	O
Autonomous	O
Systems	O
Group	O
in	O
collaboration	O
with	O
#australianuniversities	O
#QUT	O
#UQ	O
#Monash	O
#ANU	O
Topics	O
are	O
at	O
the	B-B-Topic
Intersection	B-I-Topic
of	B-I-Topic
#robotics	B-I-Topic
and	B-I-Topic
#machinelearning	B-I-Topic
‚Ä¶	O
https://t.co/iOssnBaljD	B-B-Link
",O
,
"	O
Potential	O
candidates	O
are	O
invited	O
to	O
apply	O
for	O
a	O
fully	O
funded	O
PhD	O
studentship	O
at	O
the	O
University	B-B-Univ
of	B-I-Univ
Limerick	B-I-Univ
.	O
This	O
exciting	O
opportunity	O
involves	O
research	O
on	O
the	B-B-Topic
development	B-I-Topic
of	B-I-Topic
a	B-I-Topic
sustainable	B-I-Topic
,	B-I-Topic
high	B-I-Topic
-	B-I-Topic
capacity	B-I-Topic
sodium	B-I-Topic
-	B-I-Topic
ion	B-I-Topic
battery	B-I-Topic
from	B-I-Topic
cheap	B-I-Topic
and	B-I-Topic
abundant	B-I-Topic
elements	B-I-Topic
.	O
https://t.co/DSU74mB0bt	B-B-Link
",O
,
"	O
Still	O
looking	O
for	O
a	O
fully	O
funded	O
PhD	O
in	O
#CyberSecurity	B-B-Field
?	O
Check	O
this	O
out	O
.	O
Deadline	O
July	B-B-Deadline
1	B-I-Deadline
,	B-I-Deadline
2021	B-I-Deadline
https://t.co/j4UGjJr5HE	B-B-Link
",O
,
üì¢,O
Fully,O
funded,O
ESRC,O
studentship,O
at,O
@UBSportExR,O
with,O
@BEPvoice,O
for,O
anyone,O
wanting,O
to,O
do,O
a,O
PhD,O
in,O
physical,B-B-Field
activity,B-I-Field
&,O
amp,O
;,O
mental,B-B-Topic
health,B-I-Topic
in,B-I-Topic
adolescents,B-I-Topic
from,B-I-Topic
socio,B-I-Topic
-,B-I-Topic
economically,B-I-Topic
disadvantaged,B-I-Topic
BAMER,B-I-Topic
communities,B-I-Topic
:,O
https://t.co/pqX6e7piHf,B-B-Link
Please,O
RT,O
.,O
@unibirmingham,B-B-Univ
@JetVvanZanten,O
@SPAEHJobs,O
,
"	O
PhD	O
position	O
fully	O
funded	O
in	O
Plant	B-B-Field
RNA	B-I-Field
Biotechnology	B-I-Field
,	O
University	B-B-Univ
of	B-I-Univ
Copenhagen	B-I-Univ
https://t.co/EzhNQ6pC9Z	B-B-Link
",O
,
*,O
Funded,O
PhD,O
Opportunity,O
*,O
Exciting,O
opportunity,O
to,O
complete,O
a,O
fully,O
funded,O
PhD,O
@Carnegie_Sport,O
whilst,O
supporting,O
the,O
nutritional,O
practices,O
of,O
an,O
elite,O
football,O
academy,O
@LUFC,O
‚öΩ,O
Ô∏è,O
üçé,O
üçå,O
ü•¶,O
üçû,O
ü•ô,O
ü•ò,O
ü•©,O
üç≥,O
üóì,O
Closing,O
date,O
:,O
21st,B-B-Deadline
July,B-I-Deadline
Please,O
RT,O
and,O
share,O
https://t.co/Hk6tyyrY3i,B-B-Link
https://t.co/4syTvXkOnP,B-B-Link
,
FULLY,O
FUNDED,O
PhD,O
opportunity,O
with,O
Prof,O
@UWSNick,O
and,O
myself,O
:,O
mHealth,B-B-Topic
approaches,B-I-Topic
to,B-I-Topic
promote,B-I-Topic
physical,B-I-Topic
activity,B-I-Topic
and,B-I-Topic
symptom,B-I-Topic
tracking,B-I-Topic
in,B-I-Topic
people,B-I-Topic
with,B-I-Topic
Multiple,B-I-Topic
Sclerosis,B-I-Topic
:,O
https://t.co/dunEju0vT4,B-B-Link
Please,O
RT,O
,
Application,O
deadline,O
for,O
this,O
fully,O
funded,O
PhD,O
is,O
30th,B-B-Deadline
June,B-I-Deadline
2021,B-I-Deadline
.,O
,O
Exploring,B-B-Topic
aspects,B-I-Topic
of,B-I-Topic
social,B-I-Topic
-,B-I-Topic
purpose,B-I-Topic
businesses,B-I-Topic
,O
.,O
Further,O
details,O
here,O
https://t.co/9IadA7mBMl,B-B-Link
#PhD,O
#socialenterprise,B-B-Field
#business,B-I-Field
#research,O
https://t.co/EF9PvXJexx,B-B-Link
,
Leeds,O
United,O
Football,O
Club,O
Academy,O
&,O
amp,O
;,O
the,O
Carnegie,O
School,O
of,O
Sport,O
are,O
looking,O
to,O
recruit,O
to,O
a,O
fully,O
funded,O
PhD,O
studentship,O
:,O
Optimising,B-B-Field
food,B-I-Field
&,O
amp,O
;,O
nutrition,B-B-Topic
education,B-I-Topic
within,B-I-Topic
a,B-I-Topic
professional,B-I-Topic
football,B-I-Topic
academy,B-I-Topic
:,B-I-Topic
A,B-I-Topic
behavioural,B-I-Topic
science,B-I-Topic
approach,B-I-Topic
Find,O
out,O
more,O
&,O
amp,O
;,O
apply,O
https://t.co/l26mJR2SuF,B-B-Link
https://t.co/GSpsQgWrlE,B-B-Link
,
2,O
fully,O
-,O
funded,O
CreativeTec,O
PhD,O
Studentships,O
@UWEBristol,B-B-Univ
Further,O
Info,O
:,O
https://t.co/AIFXPOhl2y,B-B-Link
(,O
1/3,O
),O
,
Leeds,O
United,O
Football,O
Club,O
Academy,O
&,O
amp,O
;,O
Carnegie,O
School,O
of,O
Sport,O
-,O
fully,O
funded,O
PhD,O
studentship,O
.,O
Project,O
:,O
Optimising,B-B-Topic
food,B-I-Topic
and,B-I-Topic
nutrition,B-I-Topic
education,B-I-Topic
within,B-I-Topic
a,B-I-Topic
professional,B-I-Topic
football,B-I-Topic
academy,B-I-Topic
:,B-I-Topic
A,B-I-Topic
behavioural,B-I-Topic
science,B-I-Topic
approach,B-I-Topic
PhD,O
opportunity,O
on,O
@FindAPhD,O
:,O
https://t.co/mLSfLnTtLs,B-B-Link
,
"	O
Fully	O
funded	O
PhD	O
position	O
at	O
the	O
Drexel	B-B-Univ
University	B-I-Univ
,	O
USA	B-B-Country
.	O
Get	O
in	O
touch	O
with	O
your	O
well	O
-	O
tailored	O
CVs	O
.	O
EMAIL	O
smay@drexel.edu	O
https://t.co/UtwIBxhACl	B-B-Link
https://t.co/oEaBFm6tr9	B-B-Link
https://t.co/WvotArZ9an	B-B-Link
https://t.co/bh29q98azG	B-B-Link
",O
,
"	O
üì£	O
Fully	O
funded	O
PhD	O
position	O
!	O
#histmed	O
#STS	O
#histsci	O
",O
"	O
The	B-B-Lab
Dry	B-I-Lab
Antibiotic	B-I-Lab
Pipeline	B-I-Lab
and	B-I-Lab
the	B-I-Lab
Global	B-I-Lab
Policy	B-I-Lab
Laboratory	B-I-Lab
(	O
1980-2010	O
)	O
",O
"	O
deadline	O
extended	O
to	O
June	B-B-Deadline
30	B-I-Deadline
!	O
Come	O
work	O
w	O
/	O
us	O
@dhvstweets	O
@sage	O
@unistra	B-B-Univ
on	O
the	O
history	O
of	O
antiobiotics	O
!	O
More	O
here	O
https://t.co/AyLsGjc0kz	B-B-Link
#PleaseRT	O
https://t.co/dlQCJYGOVl	B-B-Link
",O
,
"	O
Fully	O
funded	O
PhD	O
project	O
!	O
Want	O
to	O
research	O
",O
"	O
Gender	B-B-Topic
-	B-I-Topic
diverse	B-I-Topic
youth	B-I-Topic
and	B-I-Topic
citizen	B-I-Topic
equality	B-I-Topic
",O
"	O
at	O
@CTSG_Brighton	O
?	O
More	O
info	O
below	O
.	O
Deadline	O
7th	B-B-Deadline
July	B-I-Deadline
!	O
https://t.co/Z8QRdzgHuO	B-B-Link
",O
,
"	O
MDC	O
has	O
a	O
PhD	O
program	O
with	O
fully	O
funded	O
positions	O
in	O
Cardiovascular	B-B-Field
/	B-I-Field
metabolic	B-I-Field
diseases	B-I-Field
,	B-I-Field
Cancer	B-I-Field
,	B-I-Field
Neuroscience	B-I-Field
,	B-I-Field
Medical	B-I-Field
systems	B-I-Field
biology	B-I-Field
,	B-I-Field
Clinical	B-I-Field
research	B-I-Field
,	B-I-Field
Data	B-I-Field
science	B-I-Field
and	B-I-Field
AI	B-I-Field
and	B-I-Field
new	B-I-Field
Structural	B-I-Field
Biology	B-I-Field
(	O
in	O
a	O
few	O
groups	O
,	O
inl	O
.	O
ours	O
)	O
.	O
Apply	O
before	O
12	B-B-Deadline
July	B-I-Deadline
https://t.co/azTrMfIfPs	B-B-Link
",O
,
"	O
Two	O
fully	O
funded	O
PhD	O
positions	O
at	O
the	O
Department	O
of	O
Population	B-B-Field
Health	B-I-Field
Sciences	B-I-Field
,	O
Utrecht	B-B-Univ
University	B-I-Univ
,	O
Netherlands	B-B-Country
.	O
Salary	O
:	O
‚Ç¨	O
2,395	O
/	O
month	O
Deadline	O
:	O
July	B-B-Deadline
5,2021	B-I-Deadline
Details	O
:	O
https://t.co/ACnCReW9t2	B-B-Link
https://t.co/knhMOqs48Z	B-B-Link
",O
,
16:00,B-B-Deadline
TODAY,B-I-Deadline
(,B-I-Deadline
Mon,B-I-Deadline
21,B-I-Deadline
June,B-I-Deadline
),O
:,O
last,O
chance,O
to,O
submit,O
application,O
for,O
FULLY,O
FUNDED,O
#PhD,O
place,O
on,O
the,B-B-Topic
application,B-I-Topic
of,B-I-Topic
artificial,B-I-Topic
intelligence,B-I-Topic
to,B-I-Topic
forecast,B-I-Topic
&,B-I-Topic
amp,B-I-Topic
;,B-I-Topic
plan,B-I-Topic
skills,B-I-Topic
&,B-I-Topic
amp,B-I-Topic
;,B-I-Topic
training,B-I-Topic
for,B-I-Topic
the,B-I-Topic
labour,B-I-Topic
market,B-I-Topic
w,O
/,O
@ComputingNapier,O
https://t.co/eAH0VJTM56,B-B-Link
#AI,B-B-Field
#ML,B-I-Field
#PhD,O
#NLP,B-B-Field
@SocSciScotland,O
Join,O
us,O
!,O